method,candidate_count,trials,asked_trials,asked_rate_pct,avg_candidate_count_asked,median_candidate_count_asked,actual_total_questions_asked_trials,actual_mean_q_asked_trials,ideal_half_total_q_asked_trials,ideal_half_mean_q_asked_trials,split04_total_q_asked_trials,split04_mean_q_asked_trials,mixed_expected_total_q_asked_trials,mixed_expected_mean_q_asked_trials,actual_minus_split04_total,actual_over_split04,actual_minus_mixed_expected_total,actual_over_mixed_expected
first_question,0,1,0,0.0,,,0,,0,,0,,0.0,,0,,0.0,
first_question,1,115,2,1.7391,1.0,1.0,2,1.0,0,0.0,0,0.0,0.0,0.0,2,,2.0,
first_question,2,24,24,100.0,2.0,2.0,24,1.0,24,1.0,24,1.0,24.0,1.0,0,1.0,0.0,1.0
first_question,3,15,15,100.0,3.0,3.0,28,1.8667,30,2.0,30,2.0,25.0,1.6667,-2,0.9333,3.0,1.12
first_question,4,22,22,100.0,4.0,4.0,50,2.2727,44,2.0,44,2.0,48.4,2.2,6,1.1364,1.6,1.0331
first_question,5,3,3,100.0,5.0,5.0,8,2.6667,9,3.0,9,3.0,8.064,2.688,-1,0.8889,-0.064,0.9921
first_question,6,21,21,100.0,6.0,6.0,73,3.4762,63,3.0,63,3.0,66.192,3.152,10,1.1587,6.808,1.1029
first_question,7,10,10,100.0,7.0,7.0,41,4.1,30,3.0,30,3.0,35.5566,3.5557,11,1.3667,5.4434,1.1531
first_question,8,4,4,100.0,8.0,8.0,13,3.25,12,3.0,16,4.0,15.7998,3.95,-3,0.8125,-2.7998,0.8228
first_question,15,1,0,0.0,,,0,,0,,0,,0.0,,0,,0.0,
proposed_efe,1,117,6,5.1282,1.0,1.0,6,1.0,0,0.0,0,0.0,0.0,0.0,6,,6.0,
proposed_efe,2,26,25,96.1538,2.0,2.0,25,1.0,25,1.0,25,1.0,25.0,1.0,0,1.0,0.0,1.0
proposed_efe,3,12,12,100.0,3.0,3.0,21,1.75,24,2.0,24,2.0,20.0,1.6667,-3,0.875,1.0,1.05
proposed_efe,4,21,21,100.0,4.0,4.0,41,1.9524,42,2.0,42,2.0,46.2,2.2,-1,0.9762,-5.2,0.8874
proposed_efe,5,5,5,100.0,5.0,5.0,11,2.2,15,3.0,15,3.0,13.44,2.688,-4,0.7333,-2.44,0.8185
proposed_efe,6,23,23,100.0,6.0,6.0,63,2.7391,69,3.0,69,3.0,72.496,3.152,-6,0.913,-9.496,0.869
proposed_efe,7,8,8,100.0,7.0,7.0,20,2.5,24,3.0,24,3.0,28.4453,3.5557,-4,0.8333,-8.4453,0.7031
proposed_efe,8,4,4,100.0,8.0,8.0,12,3.0,12,3.0,16,4.0,15.7998,3.95,-4,0.75,-3.7998,0.7595
random_candidate,0,2,0,0.0,,,0,,0,,0,,0.0,,0,,0.0,
random_candidate,1,113,0,0.0,,,0,,0,,0,,0.0,,0,,0.0,
random_candidate,2,29,0,0.0,,,0,,0,,0,,0.0,,0,,0.0,
random_candidate,3,13,0,0.0,,,0,,0,,0,,0.0,,0,,0.0,
random_candidate,4,21,0,0.0,,,0,,0,,0,,0.0,,0,,0.0,
random_candidate,5,4,0,0.0,,,0,,0,,0,,0.0,,0,,0.0,
random_candidate,6,22,0,0.0,,,0,,0,,0,,0.0,,0,,0.0,
random_candidate,7,10,0,0.0,,,0,,0,,0,,0.0,,0,,0.0,
random_candidate,8,2,0,0.0,,,0,,0,,0,,0.0,,0,,0.0,
random_question,1,117,5,4.2735,1.0,1.0,5,1.0,0,0.0,0,0.0,0.0,0.0,5,,5.0,
random_question,2,26,24,92.3077,2.0,2.0,26,1.0833,24,1.0,24,1.0,24.0,1.0,2,1.0833,2.0,1.0833
random_question,3,12,12,100.0,3.0,3.0,23,1.9167,24,2.0,24,2.0,20.0,1.6667,-1,0.9583,3.0,1.15
random_question,4,20,20,100.0,4.0,4.0,50,2.5,40,2.0,40,2.0,44.0,2.2,10,1.25,6.0,1.1364
random_question,5,5,4,80.0,5.0,5.0,13,3.25,12,3.0,12,3.0,10.752,2.688,1,1.0833,2.248,1.2091
random_question,6,21,21,100.0,6.0,6.0,67,3.1905,63,3.0,63,3.0,66.192,3.152,4,1.0635,0.808,1.0122
random_question,7,11,11,100.0,7.0,7.0,44,4.0,33,3.0,33,3.0,39.1122,3.5557,11,1.3333,4.8878,1.125
random_question,8,4,4,100.0,8.0,8.0,13,3.25,12,3.0,16,4.0,15.7998,3.95,-3,0.8125,-2.7998,0.8228
top_score,0,1,0,0.0,,,0,,0,,0,,0.0,,0,,0.0,
top_score,1,122,0,0.0,,,0,,0,,0,,0.0,,0,,0.0,
top_score,2,21,0,0.0,,,0,,0,,0,,0.0,,0,,0.0,
top_score,3,16,0,0.0,,,0,,0,,0,,0.0,,0,,0.0,
top_score,4,18,0,0.0,,,0,,0,,0,,0.0,,0,,0.0,
top_score,5,3,0,0.0,,,0,,0,,0,,0.0,,0,,0.0,
top_score,6,23,0,0.0,,,0,,0,,0,,0.0,,0,,0.0,
top_score,7,10,0,0.0,,,0,,0,,0,,0.0,,0,,0.0,
top_score,8,2,0,0.0,,,0,,0,,0,,0.0,,0,,0.0,
vlm_best_question,1,113,3,2.6549,1.0,1.0,3,1.0,0,0.0,0,0.0,0.0,0.0,3,,3.0,
vlm_best_question,2,30,27,90.0,2.0,2.0,27,1.0,27,1.0,27,1.0,27.0,1.0,0,1.0,0.0,1.0
vlm_best_question,3,13,13,100.0,3.0,3.0,25,1.9231,26,2.0,26,2.0,21.6667,1.6667,-1,0.9615,3.3333,1.1538
vlm_best_question,4,19,19,100.0,4.0,4.0,43,2.2632,38,2.0,38,2.0,41.8,2.2,5,1.1316,1.2,1.0287
vlm_best_question,5,5,5,100.0,5.0,5.0,12,2.4,15,3.0,15,3.0,13.44,2.688,-3,0.8,-1.44,0.8929
vlm_best_question,6,22,21,95.4545,6.0,6.0,75,3.5714,63,3.0,63,3.0,66.192,3.152,12,1.1905,8.808,1.1331
vlm_best_question,7,12,12,100.0,7.0,7.0,44,3.6667,36,3.0,36,3.0,42.6679,3.5557,8,1.2222,1.3321,1.0312
vlm_best_question,8,2,2,100.0,8.0,8.0,6,3.0,6,3.0,8,4.0,7.8999,3.95,-2,0.75,-1.8999,0.7595
vlm_direct,0,1,0,0.0,,,0,,0,,0,,0.0,,0,,0.0,
vlm_direct,1,113,0,0.0,,,0,,0,,0,,0.0,,0,,0.0,
vlm_direct,2,33,0,0.0,,,0,,0,,0,,0.0,,0,,0.0,
vlm_direct,3,11,0,0.0,,,0,,0,,0,,0.0,,0,,0.0,
vlm_direct,4,21,0,0.0,,,0,,0,,0,,0.0,,0,,0.0,
vlm_direct,5,3,0,0.0,,,0,,0,,0,,0.0,,0,,0.0,
vlm_direct,6,20,0,0.0,,,0,,0,,0,,0.0,,0,,0.0,
vlm_direct,7,11,0,0.0,,,0,,0,,0,,0.0,,0,,0.0,
vlm_direct,8,3,0,0.0,,,0,,0,,0,,0.0,,0,,0.0,
