path,kind,role,source,size_bytes,sha256,notes
paper_assets/cp_gate/source/batch_sr_inplace.py,cp_code,CP / calibrated GroundingDINO thresholding script,/home/haoandong/workspace/project/cp_gate/batch_sr_inplace.py,1681,366ec6baf7e5498162cb87477ff808cd59c231b367f5c0738e578a85472163eb,Copied from the earlier ~/workspace/project/cp_gate project.
paper_assets/cp_gate/source/compute_tau_balanced.py,cp_code,CP / calibrated GroundingDINO thresholding script,/home/haoandong/workspace/project/cp_gate/compute_tau_balanced.py,3332,ef02ab58298604692e63b085bab3c050c5dce1793dcc6c07476a8431d6803215,Copied from the earlier ~/workspace/project/cp_gate project.
paper_assets/cp_gate/source/evalue_tau_test.py,cp_code,CP / calibrated GroundingDINO thresholding script,/home/haoandong/workspace/project/cp_gate/evalue_tau_test.py,6898,aec672d5de83500f8cfa05215a45249746b4541a82d5af1deb2a448cfda4f640,Copied from the earlier ~/workspace/project/cp_gate project.
paper_assets/cp_gate/source/grid_tau_balanced.py,cp_code,CP / calibrated GroundingDINO thresholding script,/home/haoandong/workspace/project/cp_gate/grid_tau_balanced.py,3545,0e508eea32a4c9abbf855c865a6e4fed9be77e3e2d40e621534d5d5b43e3036f,Copied from the earlier ~/workspace/project/cp_gate project.
paper_assets/cp_gate/source/image_check.py,cp_code,CP / calibrated GroundingDINO thresholding script,/home/haoandong/workspace/project/cp_gate/image_check.py,6490,8a2aacc272ec54f5d26b14801ede4c8ffe3a8d7921c20d41daec7a6cb4c6891b,Copied from the earlier ~/workspace/project/cp_gate project.
paper_assets/cp_gate/source/infer_with_tau.py,cp_code,CP / calibrated GroundingDINO thresholding script,/home/haoandong/workspace/project/cp_gate/infer_with_tau.py,6511,c3684847fbabfcd90b71086ad3094d135b2d5c6339ff55928d6b2ea535e5e4dc,Copied from the earlier ~/workspace/project/cp_gate project.
paper_assets/cp_gate/source/process.py,cp_code,CP / calibrated GroundingDINO thresholding script,/home/haoandong/workspace/project/cp_gate/process.py,10831,b3fa5060f8ecc6055bba60e5819dc022e7acbf6bf5759b9a8d47cbe4781501a0,Copied from the earlier ~/workspace/project/cp_gate project.
paper_assets/cp_gate/source/test_detect_prompt.py,cp_code,CP / calibrated GroundingDINO thresholding script,/home/haoandong/workspace/project/cp_gate/test_detect_prompt.py,7408,304271cd06101aa452c28a550e761f4d9d5f80cb9b410c407f81b0287cc2ad33,Copied from the earlier ~/workspace/project/cp_gate project.
paper_assets/cp_gate/source/test_lable_prompt.py,cp_code,CP / calibrated GroundingDINO thresholding script,/home/haoandong/workspace/project/cp_gate/test_lable_prompt.py,4600,ea1637b67cdefebcc5a8e9073a1357b876ba9c9cdb024cb7c5a005213c5de282,Copied from the earlier ~/workspace/project/cp_gate project.
paper_assets/cp_gate/calibration_results/tau_balanced.json,cp_data,CP calibration / evaluation table,/home/haoandong/workspace/project/calib_data/work/tau/tau_balanced.json,246,acbab226c0b04feb3c4c5214d55bb190c1903fee2345cee4daebacfaf282bb46,Lightweight numeric calibration artifact; full calib_data images remain external.
paper_assets/cp_gate/calibration_results/tau_grid.csv,cp_data,CP calibration / evaluation table,/home/haoandong/workspace/project/calib_data/work/tau/tau_grid.csv,58155,8eadad576d31fe1ad060ce125e523a8e19fa69eba3a2a690f5069e2d366d53ae,Lightweight numeric calibration artifact; full calib_data images remain external.
paper_assets/cp_gate/calibration_results/tau_grid.json,cp_data,CP calibration / evaluation table,/home/haoandong/workspace/project/calib_data/work/tau/tau_grid.json,141481,bf18534d812af1f6fbec498018bb53f014bf1510f0be4d213bddb7a4ed9bcdf1,Lightweight numeric calibration artifact; full calib_data images remain external.
paper_assets/cp_gate/calibration_results/curve_single.csv,cp_data,CP calibration / evaluation table,/home/haoandong/workspace/project/calib_data/work/eval/curve_single.csv,99540,6b947d1eb906a42850c96fb7d3514bab521df09bd9a2982f959f042b27527663,Lightweight numeric calibration artifact; full calib_data images remain external.
paper_assets/cp_gate/calibration_results/curve_single.json,cp_data,CP calibration / evaluation table,/home/haoandong/workspace/project/calib_data/work/eval/curve_single.json,230668,31a332446cde99bf64244b842d0fc7dfda5df237488d115ec21881ce2e868e1d,Lightweight numeric calibration artifact; full calib_data images remain external.
paper_assets/cp_gate/calibration_results/detections.csv,cp_data,CP calibration / evaluation table,/home/haoandong/workspace/project/calib_data/work/exports/detections.csv,1726780,576691ae2537f4ce0e3fc850491db22fbb4091d22850209bf97fdea647268d97,Lightweight numeric calibration artifact; full calib_data images remain external.
paper_assets/cp_gate/calibration_results/test_single_raw.csv,cp_data,CP calibration / evaluation table,/home/haoandong/workspace/project/calib_data/work/exports/test_single_raw.csv,693740,33315da9af82d7917abadaa60a131132ca119adb5e0ff7b9a586195eeebc72a4,Lightweight numeric calibration artifact; full calib_data images remain external.
paper_assets/cp_gate/calibration_results/detections_labeled.csv,cp_data,CP calibration / evaluation table,/home/haoandong/workspace/project/calib_data/work/annotations/detections_labeled.csv,1731831,21f37357d7685d9bc6f8c55bbe9091bcf0711babc6785acebe3b1bead2894414,Lightweight numeric calibration artifact; full calib_data images remain external.
paper_assets/cp_gate/calibration_results/test_single_labeled_tp.csv,cp_data,CP calibration / evaluation table,/home/haoandong/workspace/project/calib_data/work/annotations/test_single_labeled_tp.csv,706463,7ee05afb33eff2a0d8bc21e1cd7ac56a9f605d09c66d1e64d8bb23a31d230432,Lightweight numeric calibration artifact; full calib_data images remain external.
paper_assets/cp_gate/calibration_results/detections.csv,cp_data,CP calibration / evaluation table,/home/haoandong/workspace/project/calib_data/test_dino/detections.csv,133869,a15dd1344f41906ea0f28ae9dbce4b41d05993d567c488b31e77ed0dae9eee80,Lightweight numeric calibration artifact; full calib_data images remain external.
paper_assets/cp_gate/sample_images/bottle/bottle_000000.png,cp_image,Representative CP / DINO calibration image,/home/haoandong/workspace/project/calib_data/bottle/bottle_000000.png,1206749,0898ad9575ee5d0d47140826bae7a6e4149e7779802040ad628b44f010265d8d,Representative sample only; full calib_data is 5.7G and intentionally not committed.
paper_assets/cp_gate/sample_images/cup/cup_000000.png,cp_image,Representative CP / DINO calibration image,/home/haoandong/workspace/project/calib_data/cup/cup_000000.png,1206052,3084aad0739427b3108097aa32d4e39675c904bc02a762a98b65cff5d00a1d87,Representative sample only; full calib_data is 5.7G and intentionally not committed.
paper_assets/cp_gate/sample_images/kitchen/kitchen_000000.png,cp_image,Representative CP / DINO calibration image,/home/haoandong/workspace/project/calib_data/kitchen/kitchen_000000.png,1327597,476e52f25e0e86231b28e8894ae6a9c7904787abfa0eeec51bc4c812930927ae,Representative sample only; full calib_data is 5.7G and intentionally not committed.
paper_assets/cp_gate/sample_images/mix/mix_000000.png,cp_image,Representative CP / DINO calibration image,/home/haoandong/workspace/project/calib_data/mix/mix_000000.png,1305124,0cdca77d85467c3c201fc46d13c5d2f7f2bf9363bf0764d20c609b0a898dda49,Representative sample only; full calib_data is 5.7G and intentionally not committed.
paper_assets/cp_gate/sample_images/mix_bc/mix_bc_000000.png,cp_image,Representative CP / DINO calibration image,/home/haoandong/workspace/project/calib_data/mix_bc/mix_bc_000000.png,1264258,4e7ef62b8d7f5523b03ad651f19af73da6317edb0f3218a808f83b54a9eb7748,Representative sample only; full calib_data is 5.7G and intentionally not committed.
paper_assets/cp_gate/sample_images/mix_n/mix_n_000000.png,cp_image,Representative CP / DINO calibration image,/home/haoandong/workspace/project/calib_data/mix_n/mix_n_000000.png,1255421,5bf7d99c7a11da4dd8f79e0d793a7c9b842606e1290d7c47c27c517dd5bee064,Representative sample only; full calib_data is 5.7G and intentionally not committed.
paper_assets/cp_gate/sample_images/test/test_000000.png,cp_image,Representative CP / DINO calibration image,/home/haoandong/workspace/project/calib_data/test/test_000000.png,2073694,098a7fabe7ab78330c9135b8c0bdffbd34dbfbf90bf45f0a9b2273f199f8d92f,Representative sample only; full calib_data is 5.7G and intentionally not committed.
paper_assets/cp_gate/sample_images/test/test_000050.png,cp_image,Representative CP / DINO calibration image,/home/haoandong/workspace/project/calib_data/test/test_000050.png,2139987,5b6760b83d21345a5be4ce98cc86046fd8a8ad1f545a2751df4a6e3764f4ec64,Representative sample only; full calib_data is 5.7G and intentionally not committed.
paper_assets/cp_gate/sample_images/test_dino_vis/test_000000.png,cp_image,Representative CP / DINO calibration image,/home/haoandong/workspace/project/calib_data/test_dino/vis/test_000000.png,2032597,67d9373de01ece37754658d0e6a2e79b59269e8f06995db3e5b20dd890b26cce,Representative sample only; full calib_data is 5.7G and intentionally not committed.
paper_assets/cp_gate/sample_images/test_dino_vis/test_000050.png,cp_image,Representative CP / DINO calibration image,/home/haoandong/workspace/project/calib_data/test_dino/vis/test_000050.png,2088239,dc18846481e0e0225a9812a8f2168fc05f1b2ebc812c5d1f43451d28778bb2bf,Representative sample only; full calib_data is 5.7G and intentionally not committed.
paper_assets/cp_gate/sample_images/bottle/bottle_000000.png,cp_image,Representative CP / DINO calibration image,/home/haoandong/workspace/project/calib_data/work/exports/vis/bottle/bottle_000000.png,1193065,2420a58636f6671335f6114d8110a6723298ff4ae5fa8fd4868ba4f028911cb9,Representative sample only; full calib_data is 5.7G and intentionally not committed.
paper_assets/cp_gate/sample_images/cup/cup_000000.png,cp_image,Representative CP / DINO calibration image,/home/haoandong/workspace/project/calib_data/work/exports/vis/cup/cup_000000.png,1176535,4a02b337aacfc117dad74179982467a022a43688415bd5d46fec5e5ef51a7d99,Representative sample only; full calib_data is 5.7G and intentionally not committed.
paper_assets/offline/sample_scenes/scene_001/observation.jpg,offline_scene_asset,Offline tabletop observation / scene metadata,services/a6000_web/artifacts/offline_experiments/top_cups_01/scenes/scene_001/observation.jpg,295887,8eaa68c2e6767ab70d970e86937b9b9b619c5fdddc81c011d30020c2d3241187,All 36 offline scene observations are included because they are compact.
paper_assets/offline/sample_scenes/scene_001/scene.json,offline_scene_asset,Offline tabletop observation / scene metadata,services/a6000_web/artifacts/offline_experiments/top_cups_01/scenes/scene_001/scene.json,28408,519eae76a99bf34493148e4fd56f82fe06c44bbb61af0b7ab94033bd39d417fd,All 36 offline scene observations are included because they are compact.
paper_assets/offline/sample_scenes/scene_002/observation.jpg,offline_scene_asset,Offline tabletop observation / scene metadata,services/a6000_web/artifacts/offline_experiments/top_cups_01/scenes/scene_002/observation.jpg,294758,dd7a30dc71e9980107d75d3dc338ecd6952e6970120bc646995ed0041c0c6fc9,All 36 offline scene observations are included because they are compact.
paper_assets/offline/sample_scenes/scene_002/scene.json,offline_scene_asset,Offline tabletop observation / scene metadata,services/a6000_web/artifacts/offline_experiments/top_cups_01/scenes/scene_002/scene.json,28488,8a538497c9a9052087dee926feacd27c3a11d897d4de2a801a7699d32367b425,All 36 offline scene observations are included because they are compact.
paper_assets/offline/sample_scenes/scene_003/observation.jpg,offline_scene_asset,Offline tabletop observation / scene metadata,services/a6000_web/artifacts/offline_experiments/top_cups_01/scenes/scene_003/observation.jpg,294796,38463b89223aca4d4ecb1363286dadff6d213da559a4620d7af5718fb919476a,All 36 offline scene observations are included because they are compact.
paper_assets/offline/sample_scenes/scene_003/scene.json,offline_scene_asset,Offline tabletop observation / scene metadata,services/a6000_web/artifacts/offline_experiments/top_cups_01/scenes/scene_003/scene.json,28448,94f18c43d3a06932f3b47a40fabba9364a6815560b4a27dc1c70a76d6525905a,All 36 offline scene observations are included because they are compact.
paper_assets/offline/sample_scenes/scene_004/observation.jpg,offline_scene_asset,Offline tabletop observation / scene metadata,services/a6000_web/artifacts/offline_experiments/top_cups_01/scenes/scene_004/observation.jpg,285699,de51fe8ebeeaac0713e5cb6a6aa4b823d925f5a953ec15771b5a00aff6cb6e0f,All 36 offline scene observations are included because they are compact.
paper_assets/offline/sample_scenes/scene_004/scene.json,offline_scene_asset,Offline tabletop observation / scene metadata,services/a6000_web/artifacts/offline_experiments/top_cups_01/scenes/scene_004/scene.json,28483,02d1f62c03e694b461a5992c141983ca48bcd810ea167377505d86e33ce06028,All 36 offline scene observations are included because they are compact.
paper_assets/offline/sample_scenes/scene_005/observation.jpg,offline_scene_asset,Offline tabletop observation / scene metadata,services/a6000_web/artifacts/offline_experiments/top_cups_01/scenes/scene_005/observation.jpg,288116,aa7d4083f7148d0386d72d39c4b49b1d2453ed8c9b38f2e39944ede36fc2b254,All 36 offline scene observations are included because they are compact.
paper_assets/offline/sample_scenes/scene_005/scene.json,offline_scene_asset,Offline tabletop observation / scene metadata,services/a6000_web/artifacts/offline_experiments/top_cups_01/scenes/scene_005/scene.json,28368,da53e06961fe4c567a7cee4e6eaf4be7f90c458b26c0a0458a2eb7d7fc748ce0,All 36 offline scene observations are included because they are compact.
paper_assets/offline/sample_scenes/scene_006/observation.jpg,offline_scene_asset,Offline tabletop observation / scene metadata,services/a6000_web/artifacts/offline_experiments/top_cups_01/scenes/scene_006/observation.jpg,292525,1cc3d9bbf770e7b39009ef1d1bf28cdef3eca5ec23f41dc2e2e79473fea54ded,All 36 offline scene observations are included because they are compact.
paper_assets/offline/sample_scenes/scene_006/scene.json,offline_scene_asset,Offline tabletop observation / scene metadata,services/a6000_web/artifacts/offline_experiments/top_cups_01/scenes/scene_006/scene.json,28333,fbb04c2b3d6316767e88cd4c5b987a791d884fa4319748605fd5726d89ea251b,All 36 offline scene observations are included because they are compact.
paper_assets/offline/sample_scenes/scene_007/observation.jpg,offline_scene_asset,Offline tabletop observation / scene metadata,services/a6000_web/artifacts/offline_experiments/top_cups_01/scenes/scene_007/observation.jpg,290465,5dff66d342eaf1e69497795ad8c58f9fc9c08886736e4fbe0f4dc92633d0a11a,All 36 offline scene observations are included because they are compact.
paper_assets/offline/sample_scenes/scene_007/scene.json,offline_scene_asset,Offline tabletop observation / scene metadata,services/a6000_web/artifacts/offline_experiments/top_cups_01/scenes/scene_007/scene.json,28488,b561fbabe858532c19bf6516857a67de00e0e049e7c4913ebd2ef877cad00b6d,All 36 offline scene observations are included because they are compact.
paper_assets/offline/sample_scenes/scene_008/observation.jpg,offline_scene_asset,Offline tabletop observation / scene metadata,services/a6000_web/artifacts/offline_experiments/top_cups_01/scenes/scene_008/observation.jpg,290556,70a19de6b411993203aed2d96535bbac7a5cdced879c892be0d391b0db80d74b,All 36 offline scene observations are included because they are compact.
paper_assets/offline/sample_scenes/scene_008/scene.json,offline_scene_asset,Offline tabletop observation / scene metadata,services/a6000_web/artifacts/offline_experiments/top_cups_01/scenes/scene_008/scene.json,28357,ae2c51331ad9c5a2e957b359b24685ec6a0693363133eaaa97ac5d5059730ab1,All 36 offline scene observations are included because they are compact.
paper_assets/offline/sample_scenes/scene_009/observation.jpg,offline_scene_asset,Offline tabletop observation / scene metadata,services/a6000_web/artifacts/offline_experiments/top_cups_01/scenes/scene_009/observation.jpg,286564,7f73e148a0ebe35229c3699a8dcc0bf0f028131a041361c5d0f3d11d1319d030,All 36 offline scene observations are included because they are compact.
paper_assets/offline/sample_scenes/scene_009/scene.json,offline_scene_asset,Offline tabletop observation / scene metadata,services/a6000_web/artifacts/offline_experiments/top_cups_01/scenes/scene_009/scene.json,28502,d90670fee23d04ab95f06bdd990093dea6e3f9b7a049941e2e659c42b8e5f2d3,All 36 offline scene observations are included because they are compact.
paper_assets/offline/sample_scenes/scene_010/observation.jpg,offline_scene_asset,Offline tabletop observation / scene metadata,services/a6000_web/artifacts/offline_experiments/top_cups_01/scenes/scene_010/observation.jpg,288723,91b3c09832be9309e732dd8b0f350337eb80bf70dbda3123fea2727bc7bf4544,All 36 offline scene observations are included because they are compact.
paper_assets/offline/sample_scenes/scene_010/scene.json,offline_scene_asset,Offline tabletop observation / scene metadata,services/a6000_web/artifacts/offline_experiments/top_cups_01/scenes/scene_010/scene.json,28472,fc85454c7ac08c3ac6f062fd981cb3cd513d69f7bb51286b8e91b4639e00e7ac,All 36 offline scene observations are included because they are compact.
paper_assets/offline/sample_scenes/scene_011/observation.jpg,offline_scene_asset,Offline tabletop observation / scene metadata,services/a6000_web/artifacts/offline_experiments/top_cups_01/scenes/scene_011/observation.jpg,289285,4facbe5f45cc86f6da50744359a668bdc74ba658fc949239be95a408c6ae9790,All 36 offline scene observations are included because they are compact.
paper_assets/offline/sample_scenes/scene_011/scene.json,offline_scene_asset,Offline tabletop observation / scene metadata,services/a6000_web/artifacts/offline_experiments/top_cups_01/scenes/scene_011/scene.json,28346,fb06a213866ab316ce36bf18e80dca1b76b027f5e5a9f2ade199fd3604bf4378,All 36 offline scene observations are included because they are compact.
paper_assets/offline/sample_scenes/scene_012/observation.jpg,offline_scene_asset,Offline tabletop observation / scene metadata,services/a6000_web/artifacts/offline_experiments/top_cups_01/scenes/scene_012/observation.jpg,290547,b5e89df29561dd3379dcafbbc5265ef43abab67cf6d7d7ee68c5252d048a3a20,All 36 offline scene observations are included because they are compact.
paper_assets/offline/sample_scenes/scene_012/scene.json,offline_scene_asset,Offline tabletop observation / scene metadata,services/a6000_web/artifacts/offline_experiments/top_cups_01/scenes/scene_012/scene.json,28413,ba53c0c18c731ff93e6f4214303552592fa9c42e2b63d6b74a3cdd477d0719a2,All 36 offline scene observations are included because they are compact.
paper_assets/offline/sample_scenes/scene_013/observation.jpg,offline_scene_asset,Offline tabletop observation / scene metadata,services/a6000_web/artifacts/offline_experiments/top_cups_01/scenes/scene_013/observation.jpg,280662,878bdecc0031afbaa0d7f46c3e6125846e24e6aaa72da728822145fd2d6ce312,All 36 offline scene observations are included because they are compact.
paper_assets/offline/sample_scenes/scene_013/scene.json,offline_scene_asset,Offline tabletop observation / scene metadata,services/a6000_web/artifacts/offline_experiments/top_cups_01/scenes/scene_013/scene.json,28346,29fb0ed708dc094baa36ed30899e06e01b4bb2e653a95c4363d2fcd45e0d8212,All 36 offline scene observations are included because they are compact.
paper_assets/offline/sample_scenes/scene_014/observation.jpg,offline_scene_asset,Offline tabletop observation / scene metadata,services/a6000_web/artifacts/offline_experiments/top_cups_01/scenes/scene_014/observation.jpg,280610,3614434c8205ceda18f2a5a8d2b306dd6e8f9db08fe893e7128a6c8481a2509e,All 36 offline scene observations are included because they are compact.
paper_assets/offline/sample_scenes/scene_014/scene.json,offline_scene_asset,Offline tabletop observation / scene metadata,services/a6000_web/artifacts/offline_experiments/top_cups_01/scenes/scene_014/scene.json,28455,0ed752b144addedf9e1eb180bb340b2b2dcdb6d08397d995847b74d039ae4b2c,All 36 offline scene observations are included because they are compact.
paper_assets/offline/sample_scenes/scene_015/observation.jpg,offline_scene_asset,Offline tabletop observation / scene metadata,services/a6000_web/artifacts/offline_experiments/top_cups_01/scenes/scene_015/observation.jpg,285814,0af6ef8b0b1214ac198c6776201e096cd08d3f999f089ab7368d197e77eac35e,All 36 offline scene observations are included because they are compact.
paper_assets/offline/sample_scenes/scene_015/scene.json,offline_scene_asset,Offline tabletop observation / scene metadata,services/a6000_web/artifacts/offline_experiments/top_cups_01/scenes/scene_015/scene.json,28402,35b655daf6bf5fa85fe60190742b956cf75ec2ae4f8a2d2e54efdeabfff6ff37,All 36 offline scene observations are included because they are compact.
paper_assets/offline/sample_scenes/scene_016/observation.jpg,offline_scene_asset,Offline tabletop observation / scene metadata,services/a6000_web/artifacts/offline_experiments/top_cups_01/scenes/scene_016/observation.jpg,288826,19afd736db02259db3d39f41b80f42cf609bfb848724f928dc51ce12f4301b5f,All 36 offline scene observations are included because they are compact.
paper_assets/offline/sample_scenes/scene_016/scene.json,offline_scene_asset,Offline tabletop observation / scene metadata,services/a6000_web/artifacts/offline_experiments/top_cups_01/scenes/scene_016/scene.json,28448,4cbd52a3eac7c4cb170379fcefe695e8892945e4085778e3d8ee386df9652b1c,All 36 offline scene observations are included because they are compact.
paper_assets/offline/sample_scenes/scene_017/observation.jpg,offline_scene_asset,Offline tabletop observation / scene metadata,services/a6000_web/artifacts/offline_experiments/top_cups_01/scenes/scene_017/observation.jpg,288694,286ec751121b79534ce324e035be56f1ca6a33d45b6256479484688df03e1c1a,All 36 offline scene observations are included because they are compact.
paper_assets/offline/sample_scenes/scene_017/scene.json,offline_scene_asset,Offline tabletop observation / scene metadata,services/a6000_web/artifacts/offline_experiments/top_cups_01/scenes/scene_017/scene.json,28432,b47a0fa8ac289ee72ab7cc70d977522f7abc2f505f691dcb7677799e001c9108,All 36 offline scene observations are included because they are compact.
paper_assets/offline/sample_scenes/scene_018/observation.jpg,offline_scene_asset,Offline tabletop observation / scene metadata,services/a6000_web/artifacts/offline_experiments/top_cups_01/scenes/scene_018/observation.jpg,288217,42e68bc2ac7044f5216515ae01180e21d06a681fb5646e26fd760a75b96d6b27,All 36 offline scene observations are included because they are compact.
paper_assets/offline/sample_scenes/scene_018/scene.json,offline_scene_asset,Offline tabletop observation / scene metadata,services/a6000_web/artifacts/offline_experiments/top_cups_01/scenes/scene_018/scene.json,28447,d054fc71246ffaead65d55892855ef20d7d3394a9764703d8854cfc3af28fd2d,All 36 offline scene observations are included because they are compact.
paper_assets/offline/sample_scenes/scene_019/observation.jpg,offline_scene_asset,Offline tabletop observation / scene metadata,services/a6000_web/artifacts/offline_experiments/top_cups_01/scenes/scene_019/observation.jpg,301492,6e12cd82b3d1fb14ce07f0dbf8e7986ba0c6ea6342921d501b11db1139e0036e,All 36 offline scene observations are included because they are compact.
paper_assets/offline/sample_scenes/scene_019/scene.json,offline_scene_asset,Offline tabletop observation / scene metadata,services/a6000_web/artifacts/offline_experiments/top_cups_01/scenes/scene_019/scene.json,28488,d063695a1302aea95ec8db2e5c57a44560b86f845cc1b30f06826ca135c98a6d,All 36 offline scene observations are included because they are compact.
paper_assets/offline/sample_scenes/scene_020/observation.jpg,offline_scene_asset,Offline tabletop observation / scene metadata,services/a6000_web/artifacts/offline_experiments/top_cups_01/scenes/scene_020/observation.jpg,303152,c5255e4a92d45bbcd48b43d3eaa4c5f941bdb6740f247c83ef72abde51761a97,All 36 offline scene observations are included because they are compact.
paper_assets/offline/sample_scenes/scene_020/scene.json,offline_scene_asset,Offline tabletop observation / scene metadata,services/a6000_web/artifacts/offline_experiments/top_cups_01/scenes/scene_020/scene.json,28313,847b874a28cdad09fdd82cae2fa58a9c3b355958c265986d8225d807c73155b2,All 36 offline scene observations are included because they are compact.
paper_assets/offline/sample_scenes/scene_021/observation.jpg,offline_scene_asset,Offline tabletop observation / scene metadata,services/a6000_web/artifacts/offline_experiments/top_cups_01/scenes/scene_021/observation.jpg,278026,25abe2bb2d07e3d4c1f58ce65c9c36633384c7715aad13c1700ed916de4e218d,All 36 offline scene observations are included because they are compact.
paper_assets/offline/sample_scenes/scene_021/scene.json,offline_scene_asset,Offline tabletop observation / scene metadata,services/a6000_web/artifacts/offline_experiments/top_cups_01/scenes/scene_021/scene.json,28433,fa2c3f77cc6fc6997e1a4f36a029ae24dd644711b9461f316dd19b5f6318d157,All 36 offline scene observations are included because they are compact.
paper_assets/offline/sample_scenes/scene_022/observation.jpg,offline_scene_asset,Offline tabletop observation / scene metadata,services/a6000_web/artifacts/offline_experiments/top_cups_01/scenes/scene_022/observation.jpg,280677,fd4db37585b4e17d4ab1f5dedf56b25e2e465e40996256edbbb8830cec1f8c7e,All 36 offline scene observations are included because they are compact.
paper_assets/offline/sample_scenes/scene_022/scene.json,offline_scene_asset,Offline tabletop observation / scene metadata,services/a6000_web/artifacts/offline_experiments/top_cups_01/scenes/scene_022/scene.json,28366,9174f930765c7f348b7fd32c734f6f8a43424d682b43a3ddf97ea138956f46c1,All 36 offline scene observations are included because they are compact.
paper_assets/offline/sample_scenes/scene_023/observation.jpg,offline_scene_asset,Offline tabletop observation / scene metadata,services/a6000_web/artifacts/offline_experiments/top_cups_01/scenes/scene_023/observation.jpg,273578,313a14b26ac0a2827f34826e5b48c70941b3f7c954c2a48fc85727d1c704b733,All 36 offline scene observations are included because they are compact.
paper_assets/offline/sample_scenes/scene_023/scene.json,offline_scene_asset,Offline tabletop observation / scene metadata,services/a6000_web/artifacts/offline_experiments/top_cups_01/scenes/scene_023/scene.json,28456,20de04c4bc3c46c1b0b7a77a033b4427aa8bfc1b13f1040a7954193500d9646f,All 36 offline scene observations are included because they are compact.
paper_assets/offline/sample_scenes/scene_024/observation.jpg,offline_scene_asset,Offline tabletop observation / scene metadata,services/a6000_web/artifacts/offline_experiments/top_cups_01/scenes/scene_024/observation.jpg,268983,0007122ca3298894a24f683b62fd363a018fc597c62d63072a73b702da52b3a6,All 36 offline scene observations are included because they are compact.
paper_assets/offline/sample_scenes/scene_024/scene.json,offline_scene_asset,Offline tabletop observation / scene metadata,services/a6000_web/artifacts/offline_experiments/top_cups_01/scenes/scene_024/scene.json,28458,51bf0cdb71e537679b5aec3c0759da9d30276c6b8b076bc21c2ca4dc58e7baf8,All 36 offline scene observations are included because they are compact.
paper_assets/offline/sample_scenes/scene_025/observation.jpg,offline_scene_asset,Offline tabletop observation / scene metadata,services/a6000_web/artifacts/offline_experiments/top_cups_01/scenes/scene_025/observation.jpg,270148,759b1c54780bd7ceac815d4a524ac795c80e4e016a05573393212e4dce8fdd89,All 36 offline scene observations are included because they are compact.
paper_assets/offline/sample_scenes/scene_025/scene.json,offline_scene_asset,Offline tabletop observation / scene metadata,services/a6000_web/artifacts/offline_experiments/top_cups_01/scenes/scene_025/scene.json,28430,1781bbd8441a1b6325b4c819b64e2f27cd89de711ebde3084b7b2eb510a080dc,All 36 offline scene observations are included because they are compact.
paper_assets/offline/sample_scenes/scene_026/observation.jpg,offline_scene_asset,Offline tabletop observation / scene metadata,services/a6000_web/artifacts/offline_experiments/top_cups_01/scenes/scene_026/observation.jpg,306991,c5ffb775fec7a30e365029f42b3be90bc1e2e68fb989aab46899592c6ca342b6,All 36 offline scene observations are included because they are compact.
paper_assets/offline/sample_scenes/scene_026/scene.json,offline_scene_asset,Offline tabletop observation / scene metadata,services/a6000_web/artifacts/offline_experiments/top_cups_01/scenes/scene_026/scene.json,28441,b8e141923d9367124dd775950d5637a8f95ab0e399b46d5ba2bbc6542e331ae5,All 36 offline scene observations are included because they are compact.
paper_assets/offline/sample_scenes/scene_027/observation.jpg,offline_scene_asset,Offline tabletop observation / scene metadata,services/a6000_web/artifacts/offline_experiments/top_cups_01/scenes/scene_027/observation.jpg,292225,e1e71ccbe8625bed3f99861e02363f540ae2bb091f841a75ec58c65e953d4d05,All 36 offline scene observations are included because they are compact.
paper_assets/offline/sample_scenes/scene_027/scene.json,offline_scene_asset,Offline tabletop observation / scene metadata,services/a6000_web/artifacts/offline_experiments/top_cups_01/scenes/scene_027/scene.json,28405,d8c5c14b784c7a3c12e1fe802388f7ef687de6862f8248c102d59e2f918153ac,All 36 offline scene observations are included because they are compact.
paper_assets/offline/sample_scenes/scene_028/observation.jpg,offline_scene_asset,Offline tabletop observation / scene metadata,services/a6000_web/artifacts/offline_experiments/top_cups_01/scenes/scene_028/observation.jpg,290124,7942141a47c0a9b8b127fbe809d3d44b5b66a25436abb26bc427282bb9281785,All 36 offline scene observations are included because they are compact.
paper_assets/offline/sample_scenes/scene_028/scene.json,offline_scene_asset,Offline tabletop observation / scene metadata,services/a6000_web/artifacts/offline_experiments/top_cups_01/scenes/scene_028/scene.json,28408,0dc9bb2d544dc533314f42c5b9ce6931d9557a83125a3be7e581c1bca920829b,All 36 offline scene observations are included because they are compact.
paper_assets/offline/sample_scenes/scene_029/observation.jpg,offline_scene_asset,Offline tabletop observation / scene metadata,services/a6000_web/artifacts/offline_experiments/top_cups_01/scenes/scene_029/observation.jpg,289611,fcbe754ad5ce63585bcd32cda6b1a6b4420c540da069537babf556ea4866dc97,All 36 offline scene observations are included because they are compact.
paper_assets/offline/sample_scenes/scene_029/scene.json,offline_scene_asset,Offline tabletop observation / scene metadata,services/a6000_web/artifacts/offline_experiments/top_cups_01/scenes/scene_029/scene.json,28490,840a694e317327256606db97692a1c2a7569b11a73e0da8f0d52def212407e37,All 36 offline scene observations are included because they are compact.
paper_assets/offline/sample_scenes/scene_030/observation.jpg,offline_scene_asset,Offline tabletop observation / scene metadata,services/a6000_web/artifacts/offline_experiments/top_cups_01/scenes/scene_030/observation.jpg,293080,f0eb0846667a6d78981579c0163fd147cc755c6fa78677280ad762c095e73311,All 36 offline scene observations are included because they are compact.
paper_assets/offline/sample_scenes/scene_030/scene.json,offline_scene_asset,Offline tabletop observation / scene metadata,services/a6000_web/artifacts/offline_experiments/top_cups_01/scenes/scene_030/scene.json,28354,bb0c71754bb411c1f2fdf47a3c29c02fdcbacb21edd79be88b52c758b349ad4b,All 36 offline scene observations are included because they are compact.
paper_assets/offline/sample_scenes/scene_031/observation.jpg,offline_scene_asset,Offline tabletop observation / scene metadata,services/a6000_web/artifacts/offline_experiments/top_cups_01/scenes/scene_031/observation.jpg,295431,1652d64d71f7b2c68e0720b5550976a9bb588c41fa66a73861f935e57e1e9635,All 36 offline scene observations are included because they are compact.
paper_assets/offline/sample_scenes/scene_031/scene.json,offline_scene_asset,Offline tabletop observation / scene metadata,services/a6000_web/artifacts/offline_experiments/top_cups_01/scenes/scene_031/scene.json,28405,10885d892bd623f8a9d68376ca9b0e92d552455718049b78ab8952a5b06289bf,All 36 offline scene observations are included because they are compact.
paper_assets/offline/sample_scenes/scene_032/observation.jpg,offline_scene_asset,Offline tabletop observation / scene metadata,services/a6000_web/artifacts/offline_experiments/top_cups_01/scenes/scene_032/observation.jpg,295542,8ddfe89a526647a3574946643cb6684116d24a6bb6b8b7c742ec37117313faa1,All 36 offline scene observations are included because they are compact.
paper_assets/offline/sample_scenes/scene_032/scene.json,offline_scene_asset,Offline tabletop observation / scene metadata,services/a6000_web/artifacts/offline_experiments/top_cups_01/scenes/scene_032/scene.json,28358,ae8712e8abed90f215aead4e7a82df69f32f9c8f4e08c859a9b3c5021c8a5460,All 36 offline scene observations are included because they are compact.
paper_assets/offline/sample_scenes/scene_033/observation.jpg,offline_scene_asset,Offline tabletop observation / scene metadata,services/a6000_web/artifacts/offline_experiments/top_cups_01/scenes/scene_033/observation.jpg,309490,0981d9f55c59cc0ebd3dc065fa7f8749289c7a7c47af622743310ce6afb123ec,All 36 offline scene observations are included because they are compact.
paper_assets/offline/sample_scenes/scene_033/scene.json,offline_scene_asset,Offline tabletop observation / scene metadata,services/a6000_web/artifacts/offline_experiments/top_cups_01/scenes/scene_033/scene.json,28480,1a4d40c6ae78902ececb4759698dc7d116ce70b7f0aaab2723f48887e3481189,All 36 offline scene observations are included because they are compact.
paper_assets/offline/sample_scenes/scene_034/observation.jpg,offline_scene_asset,Offline tabletop observation / scene metadata,services/a6000_web/artifacts/offline_experiments/top_cups_01/scenes/scene_034/observation.jpg,286235,16b1648a91fc4d88a536a94ca326da5c90d3adca09175d8d87c035cabb6717aa,All 36 offline scene observations are included because they are compact.
paper_assets/offline/sample_scenes/scene_034/scene.json,offline_scene_asset,Offline tabletop observation / scene metadata,services/a6000_web/artifacts/offline_experiments/top_cups_01/scenes/scene_034/scene.json,28444,ba3010b0edd4b520c34284206acdf1959f6975a0d9eb9c6520bfc5a317e1e724,All 36 offline scene observations are included because they are compact.
paper_assets/offline/sample_scenes/scene_035/observation.jpg,offline_scene_asset,Offline tabletop observation / scene metadata,services/a6000_web/artifacts/offline_experiments/top_cups_01/scenes/scene_035/observation.jpg,292353,6fb8ffe7bd4d655b6fa704e3d01b148da0f75dd3f5e830ebfa603ab8a196e296,All 36 offline scene observations are included because they are compact.
paper_assets/offline/sample_scenes/scene_035/scene.json,offline_scene_asset,Offline tabletop observation / scene metadata,services/a6000_web/artifacts/offline_experiments/top_cups_01/scenes/scene_035/scene.json,28428,16dbd6fae2fc76a6d7f57b49a68fbeea5f0ac40aee8b0b640ef8e0ce7e0754fc,All 36 offline scene observations are included because they are compact.
paper_assets/offline/sample_scenes/scene_036/observation.jpg,offline_scene_asset,Offline tabletop observation / scene metadata,services/a6000_web/artifacts/offline_experiments/top_cups_01/scenes/scene_036/observation.jpg,312782,d69b9ad468f5c87e6f60a8cc7f553dae588a40d072e009717624064641ea418b,All 36 offline scene observations are included because they are compact.
paper_assets/offline/sample_scenes/scene_036/scene.json,offline_scene_asset,Offline tabletop observation / scene metadata,services/a6000_web/artifacts/offline_experiments/top_cups_01/scenes/scene_036/scene.json,28437,d240dadfe24ced058bc16331c48da9559046f004366928ef5122d17b34ee5249,All 36 offline scene observations are included because they are compact.
paper_assets/online/main_02_sample_scenes/scene_01/observation.jpg,online_scene_asset,Online main_02 reference observation / scene metadata,services/a6000_web/artifacts/online_experiments/main_02/scenes/scene_01/observation.jpg,279157,f19729138beb4effc98e15507dc7acb921189bb30a24460a9c87b314c1b84639,Reference scene assets for paper figures and experiment description.
paper_assets/online/main_02_sample_scenes/scene_01/scene.json,online_scene_asset,Online main_02 reference observation / scene metadata,services/a6000_web/artifacts/online_experiments/main_02/scenes/scene_01/scene.json,31831,94a9c973c364f7995e9b6d7529957a846f09b4e0e95e1838f333229afa20d5d9,Reference scene assets for paper figures and experiment description.
paper_assets/online/main_02_sample_scenes/scene_02/observation.jpg,online_scene_asset,Online main_02 reference observation / scene metadata,services/a6000_web/artifacts/online_experiments/main_02/scenes/scene_02/observation.jpg,276631,bdfee7c19fa4aca2536eacac08c6eb9e150c6f5196256c8edd840bc1d3de1091,Reference scene assets for paper figures and experiment description.
paper_assets/online/main_02_sample_scenes/scene_02/scene.json,online_scene_asset,Online main_02 reference observation / scene metadata,services/a6000_web/artifacts/online_experiments/main_02/scenes/scene_02/scene.json,31830,75f96a3287e084bfd92faa7ab7817297b6943ab57516150a0cd96b48d60f87f4,Reference scene assets for paper figures and experiment description.
paper_assets/online/main_02_sample_scenes/scene_03/observation.jpg,online_scene_asset,Online main_02 reference observation / scene metadata,services/a6000_web/artifacts/online_experiments/main_02/scenes/scene_03/observation.jpg,278972,8d196066e559651cf53d4156227228cd3d4e5ccee4bbfbf730f2bef0807b9fcc,Reference scene assets for paper figures and experiment description.
paper_assets/online/main_02_sample_scenes/scene_03/scene.json,online_scene_asset,Online main_02 reference observation / scene metadata,services/a6000_web/artifacts/online_experiments/main_02/scenes/scene_03/scene.json,31866,df9d9c10cf01d396c589be8b022c220da3e43150c8769d38df687be38ff0c3c1,Reference scene assets for paper figures and experiment description.
paper_assets/online/main_02_sample_scenes/scene_04/observation.jpg,online_scene_asset,Online main_02 reference observation / scene metadata,services/a6000_web/artifacts/online_experiments/main_02/scenes/scene_04/observation.jpg,277024,28a3840ee20165cdea2cdb1d9b19dd7628b7c78b046066d4be1b0ed8174abc5b,Reference scene assets for paper figures and experiment description.
paper_assets/online/main_02_sample_scenes/scene_04/scene.json,online_scene_asset,Online main_02 reference observation / scene metadata,services/a6000_web/artifacts/online_experiments/main_02/scenes/scene_04/scene.json,31744,544081d62357c1403caccb5ac5d6ec5f256f8e138fbbcc5438119eee16fce17b,Reference scene assets for paper figures and experiment description.
paper_assets/online/main_02_sample_scenes/scene_06/observation.jpg,online_scene_asset,Online main_02 reference observation / scene metadata,services/a6000_web/artifacts/online_experiments/main_02/scenes/scene_06/observation.jpg,286699,4f9a2d277da6cfe841934b61a48a28ad27e4f777bd2194d7ad700030109caa00,Reference scene assets for paper figures and experiment description.
paper_assets/online/main_02_sample_scenes/scene_06/scene.json,online_scene_asset,Online main_02 reference observation / scene metadata,services/a6000_web/artifacts/online_experiments/main_02/scenes/scene_06/scene.json,31893,56ff64902644408ef791262eb2f81b73a6cc8fbc618fb2d298a171d6d3c84df2,Reference scene assets for paper figures and experiment description.
paper_assets/online/main_02_sample_scenes/scene_07/observation.jpg,online_scene_asset,Online main_02 reference observation / scene metadata,services/a6000_web/artifacts/online_experiments/main_02/scenes/scene_07/observation.jpg,268405,4cbe7ea25ed1dbf97f006b8fab512c38f4c0b83d525a72802e05ae73b22efb0e,Reference scene assets for paper figures and experiment description.
paper_assets/online/main_02_sample_scenes/scene_07/scene.json,online_scene_asset,Online main_02 reference observation / scene metadata,services/a6000_web/artifacts/online_experiments/main_02/scenes/scene_07/scene.json,31842,10bbbf4b0cc4a01e55779a8063ae387dde5606fe54de56c66dc2c0c1e1eec806,Reference scene assets for paper figures and experiment description.
paper_assets/online/main_02_sample_scenes/scene_08/observation.jpg,online_scene_asset,Online main_02 reference observation / scene metadata,services/a6000_web/artifacts/online_experiments/main_02/scenes/scene_08/observation.jpg,288072,14551658a03e7cb458c77dfa198d4b69926db65a17129a975e8792b9af0bc896,Reference scene assets for paper figures and experiment description.
paper_assets/online/main_02_sample_scenes/scene_08/scene.json,online_scene_asset,Online main_02 reference observation / scene metadata,services/a6000_web/artifacts/online_experiments/main_02/scenes/scene_08/scene.json,31923,aa8ceeaad82236b8df00b658ab8aa5b50fbf58f3575ba64b7aa61c55c4bddccb,Reference scene assets for paper figures and experiment description.
paper_assets/online/main_02_sample_scenes/scene_09/observation.jpg,online_scene_asset,Online main_02 reference observation / scene metadata,services/a6000_web/artifacts/online_experiments/main_02/scenes/scene_09/observation.jpg,285442,e92648289d09ea820efec7d67a2bab42ef64f8c2b10740ae756269446507ced8,Reference scene assets for paper figures and experiment description.
paper_assets/online/main_02_sample_scenes/scene_09/scene.json,online_scene_asset,Online main_02 reference observation / scene metadata,services/a6000_web/artifacts/online_experiments/main_02/scenes/scene_09/scene.json,31874,5cad4cd7f96e17dcfccce83aeedf894d57ec9006d7c0a8bc54e0984e7c55419d,Reference scene assets for paper figures and experiment description.
paper_assets/online/main_02_sample_scenes/scene_10/observation.jpg,online_scene_asset,Online main_02 reference observation / scene metadata,services/a6000_web/artifacts/online_experiments/main_02/scenes/scene_10/observation.jpg,308451,f3f5604892e53568eff981b33358289aff0a80b59a2592ede3fbe1e6e155e64c,Reference scene assets for paper figures and experiment description.
paper_assets/online/main_02_sample_scenes/scene_10/scene.json,online_scene_asset,Online main_02 reference observation / scene metadata,services/a6000_web/artifacts/online_experiments/main_02/scenes/scene_10/scene.json,31874,8f6aaa9d0d14f0bc4ca3bbb45daa883c8a0eaa7b8bc27e07bb7971b17839ac2b,Reference scene assets for paper figures and experiment description.
paper_assets/online/main_02_sample_scenes/scene_11/observation.jpg,online_scene_asset,Online main_02 reference observation / scene metadata,services/a6000_web/artifacts/online_experiments/main_02/scenes/scene_11/observation.jpg,265267,2e28a8c253fd5850909973adc21ace16f16f0290a4e8a4f783f15f73e13eb6d2,Reference scene assets for paper figures and experiment description.
paper_assets/online/main_02_sample_scenes/scene_11/scene.json,online_scene_asset,Online main_02 reference observation / scene metadata,services/a6000_web/artifacts/online_experiments/main_02/scenes/scene_11/scene.json,31983,42e82ec5fefd119957a5a5a259c9c1f8e20af7e09b98a67397035c4cd1b268f3,Reference scene assets for paper figures and experiment description.
paper_assets/online/main_02_sample_scenes/scene_12/observation.jpg,online_scene_asset,Online main_02 reference observation / scene metadata,services/a6000_web/artifacts/online_experiments/main_02/scenes/scene_12/observation.jpg,265866,9fef2487e8f313c067c18eb0cbd03d2a1fdad20712306a010d1ffac4abc24518,Reference scene assets for paper figures and experiment description.
paper_assets/online/main_02_sample_scenes/scene_12/scene.json,online_scene_asset,Online main_02 reference observation / scene metadata,services/a6000_web/artifacts/online_experiments/main_02/scenes/scene_12/scene.json,32046,28b6941433fd3949b1baf78001fc4c24581aee0abab140c4e229bdb53c2f4ec4,Reference scene assets for paper figures and experiment description.
paper_assets/online/main_02_sample_scenes/scene_13/observation.jpg,online_scene_asset,Online main_02 reference observation / scene metadata,services/a6000_web/artifacts/online_experiments/main_02/scenes/scene_13/observation.jpg,263685,5b3431c3c8acef34584f614c20e28442f22b87fc5f1b475d5f12d31824ab1605,Reference scene assets for paper figures and experiment description.
paper_assets/online/main_02_sample_scenes/scene_13/scene.json,online_scene_asset,Online main_02 reference observation / scene metadata,services/a6000_web/artifacts/online_experiments/main_02/scenes/scene_13/scene.json,32046,470a0453afb3232e53ca14f367624a82fda85200d5b136cffc98316bb953790d,Reference scene assets for paper figures and experiment description.
paper_assets/online/main_02_sample_scenes/scene_14/observation.jpg,online_scene_asset,Online main_02 reference observation / scene metadata,services/a6000_web/artifacts/online_experiments/main_02/scenes/scene_14/observation.jpg,267773,9fa098fe57d5b45985b71afd5ac6676f0c54f18280cf64657045399ac97e801d,Reference scene assets for paper figures and experiment description.
paper_assets/online/main_02_sample_scenes/scene_14/scene.json,online_scene_asset,Online main_02 reference observation / scene metadata,services/a6000_web/artifacts/online_experiments/main_02/scenes/scene_14/scene.json,32064,73b3d2f22482e8007392f4471c86332584c2a7d00bdc1a4793028749bcc84f16,Reference scene assets for paper figures and experiment description.
paper_assets/online/main_02_sample_scenes/scene_15/observation.jpg,online_scene_asset,Online main_02 reference observation / scene metadata,services/a6000_web/artifacts/online_experiments/main_02/scenes/scene_15/observation.jpg,295092,7d3a07a11057711abf9c024512ef8fb9771bc831b433fb908c1e667b28cbe9b7,Reference scene assets for paper figures and experiment description.
paper_assets/online/main_02_sample_scenes/scene_15/scene.json,online_scene_asset,Online main_02 reference observation / scene metadata,services/a6000_web/artifacts/online_experiments/main_02/scenes/scene_15/scene.json,31949,4634ee47f8a89a598e693ac0e406a037c16c73de66ba64ea0f335300ab834bd7,Reference scene assets for paper figures and experiment description.
paper_assets/online/main_02_sample_scenes/scene_16/observation.jpg,online_scene_asset,Online main_02 reference observation / scene metadata,services/a6000_web/artifacts/online_experiments/main_02/scenes/scene_16/observation.jpg,288522,6d5229e3a37f470185cc532e37c6e480229921aca012206d968ef6544a41b78a,Reference scene assets for paper figures and experiment description.
paper_assets/online/main_02_sample_scenes/scene_16/scene.json,online_scene_asset,Online main_02 reference observation / scene metadata,services/a6000_web/artifacts/online_experiments/main_02/scenes/scene_16/scene.json,31993,5d45123224922db0c880b729e808e6f9137af37056e3753c96587dddfce15b1b,Reference scene assets for paper figures and experiment description.
paper_assets/online/main_02_sample_scenes/scene_17/observation.jpg,online_scene_asset,Online main_02 reference observation / scene metadata,services/a6000_web/artifacts/online_experiments/main_02/scenes/scene_17/observation.jpg,301652,c661e0c8993d519e77d426e5e60a63f0b90a37bcfcb436065861fcd3870779b5,Reference scene assets for paper figures and experiment description.
paper_assets/online/main_02_sample_scenes/scene_17/scene.json,online_scene_asset,Online main_02 reference observation / scene metadata,services/a6000_web/artifacts/online_experiments/main_02/scenes/scene_17/scene.json,31954,9801bad0694eaf4ba2a51bc5d712387b359ced92fb9472ac06474758b84a2b15,Reference scene assets for paper figures and experiment description.
paper_assets/online/main_02_sample_scenes/scene_18/observation.jpg,online_scene_asset,Online main_02 reference observation / scene metadata,services/a6000_web/artifacts/online_experiments/main_02/scenes/scene_18/observation.jpg,296601,d671959773fd0e3e26ae4902ba60c026aca97a99b32e7985a2b648c89bd0cb3c,Reference scene assets for paper figures and experiment description.
paper_assets/online/main_02_sample_scenes/scene_18/scene.json,online_scene_asset,Online main_02 reference observation / scene metadata,services/a6000_web/artifacts/online_experiments/main_02/scenes/scene_18/scene.json,31952,dac585c2e10a371509ef3b042cd526afa89718880fff92851a599067ca279160,Reference scene assets for paper figures and experiment description.
paper_assets/online/main_02_sample_scenes/scene_19/observation.jpg,online_scene_asset,Online main_02 reference observation / scene metadata,services/a6000_web/artifacts/online_experiments/main_02/scenes/scene_19/observation.jpg,295883,f5c32206a8085a091f76048cb0323726e2ce08a222a7d13c197857488f9f08d8,Reference scene assets for paper figures and experiment description.
paper_assets/online/main_02_sample_scenes/scene_19/scene.json,online_scene_asset,Online main_02 reference observation / scene metadata,services/a6000_web/artifacts/online_experiments/main_02/scenes/scene_19/scene.json,32001,d75abd0138435122ef55d791471cb554132898ca73d3ff663afc32cc9506bef0,Reference scene assets for paper figures and experiment description.
paper_assets/online/main_02_sample_scenes/scene_20/scene.json,online_scene_asset,Online main_02 reference observation / scene metadata,services/a6000_web/artifacts/online_experiments/main_02/scenes/scene_20/scene.json,369,3e3b53a36e5b95eca7c451007f5c35724e4277c7025b977f74f509690425a74f,Reference scene assets for paper figures and experiment description.
paper_assets/prompts/vlm_system_prompt.txt,prompt,Full VLM system prompt used by Ask2Act,services/a6000_web/prompts/system_prompt.txt,17085,6842ba2711f6a4b0d4c6113c641ed09b70ab197e011c16ac38e998d29f429c99,"Project prompt sent to the VLM, not Codex's hidden system prompt."
paper_assets/README.md,index,Top-level paper asset README,generated,600,acebcbfcece0f30740629fc17a10959f542edb4c37c4d9cfeeee42c196ddd266,Generated by scripts/build_paper_assets.py
paper_assets/code_map.csv,index,Important implementation file map,generated,2930,bedb6d86a7ec3b0035d1f3e639d6dcbc5d2e711f9d5389cde2d988e450d1fde7,Generated by scripts/build_paper_assets.py
paper_assets/data_products.csv,index,"Cleaned data, statistics, and figure map",generated,2040,4e0020ee81cfe2f922740a034f0112c928a1664a10cc9a5a4283ea417ba2cd29,Generated by scripts/build_paper_assets.py
outputs/research_reports/paper_writing_foundation_asset_report.md,index,Human-readable paper writing foundation report,generated,10075,f7461d34d3ae1c3860e607d4ef50a8da1c6d1bcc8b0adf8108ae20155d3db80b,Generated by scripts/build_paper_assets.py
