scene_id,method,prompt_type,N,target_correct,target_fail,target_selection_accuracy,grasp_attempted,physical_grasp_success,physical_grasp_success_rate_attempted,correct_object_grasp_success,task_success_rate,wrong_target_prevented,wrong_target_prevented_rate,wrong_object_grasp,asked_N,asked_rate,mean_questions_all,mean_questions_asked,mean_time_s,median_time_s
scene_01,proposed_efe,ambiguous,1,1,0,1.0,1,1,1.0,1,1.0,0,0.0,0,1,1.0,2.0,2.0,178.98681116104126,178.98681116104126
scene_01,proposed_efe,clear,1,1,0,1.0,1,1,1.0,1,1.0,0,0.0,0,0,0.0,0.0,,46.36248922348023,46.36248922348023
scene_01,random_candidate,ambiguous,1,0,1,0.0,0,0,,0,0.0,1,1.0,0,0,0.0,0.0,,9.244788646697998,9.244788646697998
scene_01,random_candidate,clear,1,1,0,1.0,1,1,1.0,1,1.0,0,0.0,0,0,0.0,0.0,,56.34570598602295,56.34570598602295
scene_01,random_candidate,partial,1,0,1,0.0,0,0,,0,0.0,1,1.0,0,0,0.0,0.0,,18.664626121521,18.664626121521
scene_01,top_score,ambiguous,1,0,1,0.0,0,0,,0,0.0,1,1.0,0,0,0.0,0.0,,2.756098747253418,2.756098747253418
scene_01,top_score,clear,1,1,0,1.0,1,1,1.0,1,1.0,0,0.0,0,0,0.0,0.0,,40.94772934913635,40.94772934913635
scene_01,top_score,partial,1,0,1,0.0,0,0,,0,0.0,1,1.0,0,0,0.0,0.0,,6.960195064544678,6.960195064544678
scene_01,vlm_best_question,ambiguous,1,1,0,1.0,1,1,1.0,1,1.0,0,0.0,0,1,1.0,4.0,4.0,249.23972058296204,249.23972058296204
scene_01,vlm_best_question,clear,1,1,0,1.0,1,1,1.0,1,1.0,0,0.0,0,0,0.0,0.0,,43.83664608001709,43.83664608001709
scene_01,vlm_best_question,partial,1,1,0,1.0,1,1,1.0,1,1.0,0,0.0,0,0,0.0,0.0,,69.65821671485901,69.65821671485901
scene_02,proposed_efe,ambiguous,1,1,0,1.0,1,1,1.0,1,1.0,0,0.0,0,1,1.0,3.0,3.0,244.50571250915527,244.50571250915527
scene_02,proposed_efe,clear,1,1,0,1.0,1,1,1.0,1,1.0,0,0.0,0,0,0.0,0.0,,41.08989429473877,41.08989429473877
scene_02,proposed_efe,partial,1,1,0,1.0,1,1,1.0,1,1.0,0,0.0,0,0,0.0,0.0,,80.00575828552246,80.00575828552246
scene_02,random_candidate,ambiguous,1,1,0,1.0,1,1,1.0,1,1.0,0,0.0,0,0,0.0,0.0,,55.78427028656006,55.78427028656006
scene_02,random_candidate,clear,1,1,0,1.0,1,1,1.0,1,1.0,0,0.0,0,0,0.0,0.0,,4.496052265167236,4.496052265167236
scene_02,random_candidate,partial,1,0,1,0.0,0,0,,0,0.0,1,1.0,0,0,0.0,0.0,,30.33409118652344,30.33409118652344
scene_02,top_score,ambiguous,1,0,1,0.0,0,0,,0,0.0,1,1.0,0,0,0.0,0.0,,9.13704752922058,9.13704752922058
scene_02,top_score,clear,1,1,0,1.0,1,1,1.0,1,1.0,0,0.0,0,0,0.0,0.0,,44.29111742973328,44.29111742973328
scene_02,top_score,partial,1,1,0,1.0,1,1,1.0,1,1.0,0,0.0,0,0,0.0,0.0,,49.73489046096802,49.73489046096802
scene_02,vlm_best_question,ambiguous,1,1,0,1.0,1,1,1.0,1,1.0,0,0.0,0,1,1.0,4.0,4.0,198.31300520896912,198.31300520896912
scene_02,vlm_best_question,clear,1,1,0,1.0,1,1,1.0,1,1.0,0,0.0,0,0,0.0,0.0,,32.820273876190186,32.820273876190186
scene_02,vlm_best_question,partial,1,1,0,1.0,1,1,1.0,1,1.0,0,0.0,0,1,1.0,1.0,1.0,101.57255935668944,101.57255935668944
scene_03,proposed_efe,ambiguous,1,1,0,1.0,1,1,1.0,1,1.0,0,0.0,0,1,1.0,4.0,4.0,275.59798979759216,275.59798979759216
scene_03,proposed_efe,clear,1,1,0,1.0,1,1,1.0,1,1.0,0,0.0,0,0,0.0,0.0,,46.36718559265137,46.36718559265137
scene_03,proposed_efe,partial,1,0,1,0.0,0,0,,0,0.0,1,1.0,0,0,0.0,0.0,,17.254923582077026,17.254923582077026
scene_03,random_candidate,ambiguous,1,0,1,0.0,0,0,,0,0.0,1,1.0,0,0,0.0,0.0,,17.046895265579224,17.046895265579224
scene_03,random_candidate,clear,1,1,0,1.0,1,0,0.0,0,0.0,0,0.0,0,0,0.0,0.0,,55.07406425476074,55.07406425476074
scene_03,random_candidate,partial,1,0,1,0.0,0,0,,0,0.0,1,1.0,0,0,0.0,0.0,,22.351070165634155,22.351070165634155
scene_03,top_score,ambiguous,1,0,1,0.0,0,0,,0,0.0,1,1.0,0,0,0.0,0.0,,3.285088300704956,3.285088300704956
scene_03,top_score,clear,1,1,0,1.0,1,1,1.0,1,1.0,0,0.0,0,0,0.0,0.0,,48.50386023521423,48.50386023521423
scene_03,top_score,partial,1,0,1,0.0,0,0,,0,0.0,1,1.0,0,0,0.0,0.0,,6.217562437057495,6.217562437057495
scene_03,vlm_best_question,ambiguous,1,1,0,1.0,1,1,1.0,1,1.0,0,0.0,0,1,1.0,4.0,4.0,232.2036874294281,232.2036874294281
scene_03,vlm_best_question,clear,1,1,0,1.0,1,1,1.0,1,1.0,0,0.0,0,0,0.0,0.0,,49.24596953392029,49.24596953392029
scene_03,vlm_best_question,partial,1,0,1,0.0,0,0,,0,0.0,1,1.0,0,0,0.0,0.0,,13.813382387161257,13.813382387161257
scene_04,proposed_efe,ambiguous,1,1,0,1.0,1,1,1.0,1,1.0,0,0.0,0,1,1.0,3.0,3.0,234.7812159061432,234.7812159061432
scene_04,proposed_efe,clear,1,1,0,1.0,1,1,1.0,1,1.0,0,0.0,0,0,0.0,0.0,,46.16217303276062,46.16217303276062
scene_04,proposed_efe,partial,1,1,0,1.0,1,1,1.0,1,1.0,0,0.0,0,0,0.0,0.0,,78.31889939308167,78.31889939308167
scene_04,random_candidate,ambiguous,1,1,0,1.0,1,1,1.0,1,1.0,0,0.0,0,0,0.0,0.0,,46.49672317504883,46.49672317504883
scene_04,random_candidate,clear,1,1,0,1.0,1,1,1.0,1,1.0,0,0.0,0,0,0.0,0.0,,70.61621737480164,70.61621737480164
scene_04,random_candidate,partial,1,0,1,0.0,0,0,,0,0.0,1,1.0,0,0,0.0,0.0,,12.352643966674805,12.352643966674805
scene_04,top_score,clear,1,1,0,1.0,1,1,1.0,1,1.0,0,0.0,0,0,0.0,0.0,,39.38528347015381,39.38528347015381
scene_04,top_score,partial,1,0,1,0.0,0,0,,0,0.0,1,1.0,0,0,0.0,0.0,,6.075489044189453,6.075489044189453
scene_04,vlm_best_question,ambiguous,1,1,0,1.0,1,1,1.0,1,1.0,0,0.0,0,1,1.0,2.0,2.0,188.344929933548,188.344929933548
scene_04,vlm_best_question,clear,1,1,0,1.0,1,1,1.0,1,1.0,0,0.0,0,0,0.0,0.0,,50.91265797615051,50.91265797615051
scene_04,vlm_best_question,partial,1,1,0,1.0,1,1,1.0,1,1.0,0,0.0,0,0,0.0,0.0,,70.10719060897827,70.10719060897827
scene_05,proposed_efe,ambiguous,1,1,0,1.0,1,1,1.0,1,1.0,0,0.0,0,1,1.0,2.0,2.0,257.86905455589294,257.86905455589294
scene_05,proposed_efe,clear,1,1,0,1.0,1,1,1.0,1,1.0,0,0.0,0,0,0.0,0.0,,38.27488565444946,38.27488565444946
scene_05,proposed_efe,partial,1,1,0,1.0,1,1,1.0,1,1.0,0,0.0,0,0,0.0,0.0,,52.08625268936157,52.08625268936157
scene_05,random_candidate,ambiguous,1,0,1,0.0,0,0,,0,0.0,1,1.0,0,0,0.0,0.0,,11.578366041183472,11.578366041183472
scene_05,random_candidate,clear,1,1,0,1.0,1,1,1.0,1,1.0,0,0.0,0,0,0.0,0.0,,67.82820677757263,67.82820677757263
scene_05,random_candidate,partial,1,1,0,1.0,1,1,1.0,1,1.0,0,0.0,0,0,0.0,0.0,,50.19161653518677,50.19161653518677
scene_05,top_score,ambiguous,1,0,1,0.0,0,0,,0,0.0,1,1.0,0,0,0.0,0.0,,6.781307458877564,6.781307458877564
scene_05,top_score,clear,1,1,0,1.0,1,1,1.0,1,1.0,0,0.0,0,0,0.0,0.0,,51.46726417541504,51.46726417541504
scene_05,top_score,partial,1,1,0,1.0,1,1,1.0,1,1.0,0,0.0,0,0,0.0,0.0,,55.79480767250061,55.79480767250061
scene_05,vlm_best_question,ambiguous,1,1,0,1.0,1,1,1.0,1,1.0,0,0.0,0,1,1.0,4.0,4.0,336.39949321746826,336.39949321746826
scene_05,vlm_best_question,clear,1,1,0,1.0,1,0,0.0,0,0.0,0,0.0,0,0,0.0,0.0,,47.06220459938049,47.06220459938049
scene_05,vlm_best_question,partial,1,1,0,1.0,1,1,1.0,1,1.0,0,0.0,0,0,0.0,0.0,,123.39700031280518,123.39700031280518
scene_06,proposed_efe,ambiguous,1,1,0,1.0,1,0,0.0,0,0.0,0,0.0,0,1,1.0,2.0,2.0,150.28194904327393,150.28194904327393
scene_06,proposed_efe,clear,1,1,0,1.0,1,1,1.0,1,1.0,0,0.0,0,0,0.0,0.0,,47.61307668685913,47.61307668685913
scene_06,proposed_efe,partial,1,1,0,1.0,1,1,1.0,1,1.0,0,0.0,0,0,0.0,0.0,,57.984259366989136,57.984259366989136
scene_06,random_candidate,ambiguous,1,0,1,0.0,0,0,,0,0.0,1,1.0,0,0,0.0,0.0,,2.57671856880188,2.57671856880188
scene_06,random_candidate,clear,1,1,0,1.0,1,1,1.0,1,1.0,0,0.0,0,0,0.0,0.0,,49.32883071899414,49.32883071899414
scene_06,random_candidate,partial,1,1,0,1.0,1,0,0.0,0,0.0,0,0.0,0,0,0.0,0.0,,59.82890439033508,59.82890439033508
scene_06,top_score,ambiguous,1,0,1,0.0,0,0,,0,0.0,1,1.0,0,0,0.0,0.0,,7.879992723464966,7.879992723464966
scene_06,top_score,clear,1,1,0,1.0,1,1,1.0,1,1.0,0,0.0,0,0,0.0,0.0,,46.981889724731445,46.981889724731445
scene_06,top_score,partial,1,1,0,1.0,1,0,0.0,0,0.0,0,0.0,0,0,0.0,0.0,,46.94453430175781,46.94453430175781
scene_06,vlm_best_question,clear,1,1,0,1.0,1,1,1.0,1,1.0,0,0.0,0,0,0.0,0.0,,43.510961294174194,43.510961294174194
scene_06,vlm_best_question,partial,1,1,0,1.0,1,0,0.0,0,0.0,0,0.0,0,0,0.0,0.0,,76.36306548118591,76.36306548118591
scene_07,proposed_efe,ambiguous,1,1,0,1.0,1,1,1.0,1,1.0,0,0.0,0,1,1.0,2.0,2.0,134.36217498779297,134.36217498779297
scene_07,proposed_efe,clear,1,1,0,1.0,1,1,1.0,1,1.0,0,0.0,0,0,0.0,0.0,,52.14474678039551,52.14474678039551
scene_07,proposed_efe,partial,1,1,0,1.0,1,1,1.0,1,1.0,0,0.0,0,0,0.0,0.0,,79.11427903175354,79.11427903175354
scene_07,random_candidate,ambiguous,1,1,0,1.0,1,1,1.0,1,1.0,0,0.0,0,0,0.0,0.0,,53.17130637168884,53.17130637168884
scene_07,random_candidate,clear,1,1,0,1.0,1,0,0.0,0,0.0,0,0.0,0,0,0.0,0.0,,46.68675398826599,46.68675398826599
scene_07,random_candidate,partial,1,1,0,1.0,1,1,1.0,1,1.0,0,0.0,0,0,0.0,0.0,,49.03617000579834,49.03617000579834
scene_07,top_score,ambiguous,1,0,1,0.0,0,0,,0,0.0,1,1.0,0,0,0.0,0.0,,24.832040071487427,24.832040071487427
scene_07,top_score,clear,1,1,0,1.0,1,1,1.0,1,1.0,0,0.0,0,0,0.0,0.0,,45.67769765853882,45.67769765853882
scene_07,top_score,partial,1,1,0,1.0,1,0,0.0,0,0.0,0,0.0,0,0,0.0,0.0,,57.26771473884583,57.26771473884583
scene_07,vlm_best_question,ambiguous,1,1,0,1.0,1,1,1.0,1,1.0,0,0.0,0,1,1.0,2.0,2.0,118.70204854011536,118.70204854011536
scene_07,vlm_best_question,clear,1,1,0,1.0,1,1,1.0,1,1.0,0,0.0,0,0,0.0,0.0,,54.9683678150177,54.9683678150177
scene_07,vlm_best_question,partial,1,1,0,1.0,1,1,1.0,1,1.0,0,0.0,0,0,0.0,0.0,,86.34061288833618,86.34061288833618
scene_08,proposed_efe,ambiguous,1,1,0,1.0,1,1,1.0,1,1.0,0,0.0,0,1,1.0,1.0,1.0,113.96156811714172,113.96156811714172
scene_08,proposed_efe,clear,1,1,0,1.0,1,1,1.0,1,1.0,0,0.0,0,0,0.0,0.0,,40.23678827285767,40.23678827285767
scene_08,proposed_efe,partial,1,1,0,1.0,1,0,0.0,0,0.0,0,0.0,0,0,0.0,0.0,,81.79223561286926,81.79223561286926
scene_08,random_candidate,ambiguous,1,0,1,0.0,0,0,,0,0.0,1,1.0,0,0,0.0,0.0,,16.600005626678467,16.600005626678467
scene_08,random_candidate,clear,1,1,0,1.0,1,1,1.0,1,1.0,0,0.0,0,0,0.0,0.0,,49.317599296569824,49.317599296569824
scene_08,random_candidate,partial,1,1,0,1.0,1,0,0.0,0,0.0,0,0.0,0,0,0.0,0.0,,52.54289150238037,52.54289150238037
scene_08,top_score,ambiguous,1,1,0,1.0,1,1,1.0,1,1.0,0,0.0,0,0,0.0,0.0,,57.98958992958069,57.98958992958069
scene_08,top_score,clear,1,1,0,1.0,1,1,1.0,1,1.0,0,0.0,0,0,0.0,0.0,,50.89495587348938,50.89495587348938
scene_08,top_score,partial,1,1,0,1.0,1,1,1.0,1,1.0,0,0.0,0,0,0.0,0.0,,83.82147026062012,83.82147026062012
scene_08,vlm_best_question,ambiguous,1,1,0,1.0,1,1,1.0,1,1.0,0,0.0,0,1,1.0,2.0,2.0,139.9443714618683,139.9443714618683
scene_08,vlm_best_question,clear,1,1,0,1.0,1,1,1.0,1,1.0,0,0.0,0,0,0.0,0.0,,184.65422677993772,184.65422677993772
scene_08,vlm_best_question,partial,1,1,0,1.0,1,0,0.0,0,0.0,0,0.0,0,0,0.0,0.0,,54.69035625457764,54.69035625457764
scene_09,proposed_efe,ambiguous,1,1,0,1.0,1,1,1.0,1,1.0,0,0.0,0,1,1.0,1.0,1.0,145.1833848953247,145.1833848953247
scene_09,proposed_efe,clear,1,1,0,1.0,1,1,1.0,1,1.0,0,0.0,0,0,0.0,0.0,,13.51766061782837,13.51766061782837
scene_09,proposed_efe,partial,1,1,0,1.0,1,1,1.0,1,1.0,0,0.0,0,0,0.0,0.0,,63.92781591415405,63.92781591415405
scene_09,random_candidate,ambiguous,1,1,0,1.0,1,1,1.0,1,1.0,0,0.0,0,0,0.0,0.0,,99.57594680786131,99.57594680786131
scene_09,random_candidate,clear,1,1,0,1.0,1,1,1.0,1,1.0,0,0.0,0,0,0.0,0.0,,44.32023096084595,44.32023096084595
scene_09,random_candidate,partial,1,1,0,1.0,1,1,1.0,1,1.0,0,0.0,0,0,0.0,0.0,,61.50301623344421,61.50301623344421
scene_09,top_score,ambiguous,1,1,0,1.0,1,1,1.0,1,1.0,0,0.0,0,0,0.0,0.0,,45.88965368270874,45.88965368270874
scene_09,top_score,clear,1,1,0,1.0,1,1,1.0,1,1.0,0,0.0,0,0,0.0,0.0,,41.40231418609619,41.40231418609619
scene_09,top_score,partial,1,1,0,1.0,1,1,1.0,1,1.0,0,0.0,0,0,0.0,0.0,,38.90333533287048,38.90333533287048
scene_09,vlm_best_question,ambiguous,1,1,0,1.0,1,1,1.0,1,1.0,0,0.0,0,1,1.0,2.0,2.0,126.53859090805054,126.53859090805054
scene_09,vlm_best_question,clear,1,1,0,1.0,1,1,1.0,1,1.0,0,0.0,0,0,0.0,0.0,,107.09980821609496,107.09980821609496
scene_09,vlm_best_question,partial,1,1,0,1.0,1,1,1.0,1,1.0,0,0.0,0,0,0.0,0.0,,103.5194480419159,103.5194480419159
scene_10,proposed_efe,ambiguous,1,1,0,1.0,1,1,1.0,1,1.0,0,0.0,0,1,1.0,2.0,2.0,123.53248643875122,123.53248643875122
scene_10,proposed_efe,clear,1,1,0,1.0,1,1,1.0,1,1.0,0,0.0,0,0,0.0,0.0,,60.33890223503113,60.33890223503113
scene_10,proposed_efe,partial,1,1,0,1.0,1,1,1.0,1,1.0,0,0.0,0,0,0.0,0.0,,56.191378355026245,56.191378355026245
scene_10,random_candidate,ambiguous,1,0,1,0.0,0,0,,0,0.0,1,1.0,0,0,0.0,0.0,,6.227896690368652,6.227896690368652
scene_10,random_candidate,clear,1,1,0,1.0,1,1,1.0,1,1.0,0,0.0,0,0,0.0,0.0,,43.18414807319641,43.18414807319641
scene_10,random_candidate,partial,1,1,0,1.0,1,1,1.0,1,1.0,0,0.0,0,0,0.0,0.0,,44.14679551124573,44.14679551124573
scene_10,top_score,ambiguous,1,1,0,1.0,1,1,1.0,1,1.0,0,0.0,0,0,0.0,0.0,,48.42441868782044,48.42441868782044
scene_10,top_score,clear,1,1,0,1.0,1,1,1.0,1,1.0,0,0.0,0,0,0.0,0.0,,51.66567802429199,51.66567802429199
scene_10,top_score,partial,1,1,0,1.0,1,1,1.0,1,1.0,0,0.0,0,0,0.0,0.0,,46.56692814826965,46.56692814826965
scene_10,vlm_best_question,ambiguous,1,1,0,1.0,1,1,1.0,1,1.0,0,0.0,0,1,1.0,2.0,2.0,153.45903944969177,153.45903944969177
scene_10,vlm_best_question,clear,1,1,0,1.0,1,1,1.0,1,1.0,0,0.0,0,0,0.0,0.0,,65.58049893379211,65.58049893379211
scene_10,vlm_best_question,partial,1,1,0,1.0,1,1,1.0,1,1.0,0,0.0,0,0,0.0,0.0,,114.54641246795654,114.54641246795654
scene_11,proposed_efe,ambiguous,1,0,1,0.0,0,0,,0,0.0,1,1.0,0,0,0.0,0.0,,17.38399910926819,17.38399910926819
scene_11,proposed_efe,clear,1,1,0,1.0,1,1,1.0,1,1.0,0,0.0,0,0,0.0,0.0,,48.91261100769043,48.91261100769043
scene_11,proposed_efe,partial,1,1,0,1.0,1,1,1.0,1,1.0,0,0.0,0,1,1.0,1.0,1.0,51.103832960128784,51.103832960128784
scene_11,random_candidate,ambiguous,1,1,0,1.0,1,1,1.0,1,1.0,0,0.0,0,0,0.0,0.0,,78.4690203666687,78.4690203666687
scene_11,random_candidate,clear,1,1,0,1.0,1,1,1.0,1,1.0,0,0.0,0,0,0.0,0.0,,51.53935241699219,51.53935241699219
scene_11,random_candidate,partial,1,1,0,1.0,1,1,1.0,1,1.0,0,0.0,0,0,0.0,0.0,,50.98367094993591,50.98367094993591
scene_11,top_score,ambiguous,1,0,1,0.0,0,0,,0,0.0,1,1.0,0,0,0.0,0.0,,4.365393400192261,4.365393400192261
scene_11,top_score,clear,1,1,0,1.0,1,1,1.0,1,1.0,0,0.0,0,0,0.0,0.0,,52.05856943130493,52.05856943130493
scene_11,top_score,partial,1,1,0,1.0,1,1,1.0,1,1.0,0,0.0,0,0,0.0,0.0,,52.1820559501648,52.1820559501648
scene_11,vlm_best_question,ambiguous,1,0,1,0.0,0,0,,0,0.0,1,1.0,0,0,0.0,0.0,,5.017131328582764,5.017131328582764
scene_11,vlm_best_question,clear,1,1,0,1.0,1,1,1.0,1,1.0,0,0.0,0,0,0.0,0.0,,44.86202526092529,44.86202526092529
scene_11,vlm_best_question,partial,1,1,0,1.0,1,1,1.0,1,1.0,0,0.0,0,0,0.0,0.0,,47.30392837524414,47.30392837524414
scene_12,proposed_efe,ambiguous,1,1,0,1.0,1,1,1.0,1,1.0,0,0.0,0,0,0.0,0.0,,8.229378461837769,8.229378461837769
scene_12,proposed_efe,clear,1,1,0,1.0,1,1,1.0,1,1.0,0,0.0,0,0,0.0,0.0,,42.3223831653595,42.3223831653595
scene_12,proposed_efe,partial,1,0,1,0.0,0,0,,0,0.0,1,1.0,0,0,0.0,0.0,,2.29343581199646,2.29343581199646
scene_12,random_candidate,clear,1,1,0,1.0,1,1,1.0,1,1.0,0,0.0,0,0,0.0,0.0,,51.56450772285461,51.56450772285461
scene_12,random_candidate,partial,1,0,1,0.0,0,0,,0,0.0,1,1.0,0,0,0.0,0.0,,5.96274209022522,5.96274209022522
scene_12,top_score,ambiguous,1,0,1,0.0,0,0,,0,0.0,1,1.0,0,0,0.0,0.0,,5.474290132522583,5.474290132522583
scene_12,top_score,clear,1,1,0,1.0,1,1,1.0,1,1.0,0,0.0,0,0,0.0,0.0,,44.6611807346344,44.6611807346344
scene_12,top_score,partial,1,0,1,0.0,0,0,,0,0.0,1,1.0,0,0,0.0,0.0,,3.308387756347656,3.308387756347656
scene_12,vlm_best_question,ambiguous,1,1,0,1.0,1,0,0.0,0,0.0,0,0.0,0,1,1.0,1.0,1.0,48.24325275421143,48.24325275421143
scene_12,vlm_best_question,clear,1,1,0,1.0,1,1,1.0,1,1.0,0,0.0,0,0,0.0,0.0,,41.56566858291626,41.56566858291626
scene_12,vlm_best_question,partial,1,0,1,0.0,0,0,,0,0.0,1,1.0,0,0,0.0,0.0,,7.385355234146118,7.385355234146118
scene_13,proposed_efe,ambiguous,1,1,0,1.0,1,1,1.0,1,1.0,0,0.0,0,1,1.0,2.0,2.0,54.25144720077515,54.25144720077515
scene_13,proposed_efe,clear,1,1,0,1.0,1,1,1.0,1,1.0,0,0.0,0,0,0.0,0.0,,58.94570064544678,58.94570064544678
scene_13,proposed_efe,partial,1,1,0,1.0,1,1,1.0,1,1.0,0,0.0,0,0,0.0,0.0,,49.22274160385132,49.22274160385132
scene_13,random_candidate,ambiguous,1,0,1,0.0,0,0,,0,0.0,1,1.0,0,0,0.0,0.0,,6.9271628856658936,6.9271628856658936
scene_13,random_candidate,clear,1,1,0,1.0,1,0,0.0,0,0.0,0,0.0,0,0,0.0,0.0,,39.27424621582031,39.27424621582031
scene_13,random_candidate,partial,1,1,0,1.0,1,0,0.0,0,0.0,0,0.0,0,0,0.0,0.0,,42.94576978683472,42.94576978683472
scene_13,top_score,ambiguous,1,0,1,0.0,0,0,,0,0.0,1,1.0,0,0,0.0,0.0,,5.199558973312378,5.199558973312378
scene_13,top_score,clear,1,1,0,1.0,1,1,1.0,1,1.0,0,0.0,0,0,0.0,0.0,,52.24414849281311,52.24414849281311
scene_13,top_score,partial,1,1,0,1.0,1,1,1.0,1,1.0,0,0.0,0,0,0.0,0.0,,59.53770995140076,59.53770995140076
scene_13,vlm_best_question,ambiguous,1,1,0,1.0,1,1,1.0,1,1.0,0,0.0,0,1,1.0,2.0,2.0,104.45092964172365,104.45092964172365
scene_13,vlm_best_question,clear,1,1,0,1.0,1,0,0.0,0,0.0,0,0.0,0,0,0.0,0.0,,37.280956506729126,37.280956506729126
scene_13,vlm_best_question,partial,1,1,0,1.0,1,1,1.0,1,1.0,0,0.0,0,0,0.0,0.0,,41.00133657455444,41.00133657455444
scene_14,proposed_efe,ambiguous,1,1,0,1.0,1,1,1.0,1,1.0,0,0.0,0,1,1.0,2.0,2.0,20.110901594161987,20.110901594161987
scene_14,proposed_efe,clear,1,1,0,1.0,1,1,1.0,1,1.0,0,0.0,0,0,0.0,0.0,,41.37776494026184,41.37776494026184
scene_14,proposed_efe,partial,1,1,0,1.0,1,1,1.0,1,1.0,0,0.0,0,0,0.0,0.0,,49.40871214866638,49.40871214866638
scene_14,random_candidate,ambiguous,1,0,1,0.0,0,0,,0,0.0,1,1.0,0,0,0.0,0.0,,5.978282451629639,5.978282451629639
scene_14,random_candidate,clear,1,1,0,1.0,1,1,1.0,1,1.0,0,0.0,0,0,0.0,0.0,,40.9690318107605,40.9690318107605
scene_14,random_candidate,partial,1,0,1,0.0,0,0,,0,0.0,1,1.0,0,0,0.0,0.0,,10.842463731765749,10.842463731765749
scene_14,top_score,ambiguous,1,0,1,0.0,0,0,,0,0.0,1,1.0,0,0,0.0,0.0,,32.151206970214844,32.151206970214844
scene_14,top_score,clear,1,1,0,1.0,1,0,0.0,0,0.0,0,0.0,0,0,0.0,0.0,,37.88583183288574,37.88583183288574
scene_14,top_score,partial,1,1,0,1.0,1,0,0.0,0,0.0,0,0.0,0,0,0.0,0.0,,33.9323844909668,33.9323844909668
scene_14,vlm_best_question,ambiguous,1,1,0,1.0,1,1,1.0,1,1.0,0,0.0,0,1,1.0,2.0,2.0,60.107112646102905,60.107112646102905
scene_14,vlm_best_question,clear,1,1,0,1.0,1,1,1.0,1,1.0,0,0.0,0,0,0.0,0.0,,48.56102776527405,48.56102776527405
scene_14,vlm_best_question,partial,1,1,0,1.0,1,1,1.0,1,1.0,0,0.0,0,0,0.0,0.0,,74.5449731349945,74.5449731349945
scene_15,proposed_efe,ambiguous,1,1,0,1.0,1,1,1.0,1,1.0,0,0.0,0,1,1.0,1.0,1.0,82.76463794708252,82.76463794708252
scene_15,proposed_efe,clear,1,1,0,1.0,1,1,1.0,1,1.0,0,0.0,0,0,0.0,0.0,,63.07343506813049,63.07343506813049
scene_15,proposed_efe,partial,1,1,0,1.0,1,1,1.0,1,1.0,0,0.0,0,0,0.0,0.0,,21.11765480041504,21.11765480041504
scene_15,random_candidate,ambiguous,1,0,1,0.0,0,0,,0,0.0,1,1.0,0,0,0.0,0.0,,9.348449945449827,9.348449945449827
scene_15,random_candidate,clear,1,1,0,1.0,1,1,1.0,1,1.0,0,0.0,0,0,0.0,0.0,,40.443647146224976,40.443647146224976
scene_15,random_candidate,partial,1,0,1,0.0,0,0,,0,0.0,1,1.0,0,0,0.0,0.0,,14.142001628875732,14.142001628875732
scene_15,top_score,ambiguous,1,0,1,0.0,0,0,,0,0.0,1,1.0,0,0,0.0,0.0,,6.098821878433228,6.098821878433228
scene_15,top_score,clear,1,1,0,1.0,1,1,1.0,1,1.0,0,0.0,0,0,0.0,0.0,,43.06744432449341,43.06744432449341
scene_15,top_score,partial,1,0,1,0.0,0,0,,0,0.0,1,1.0,0,0,0.0,0.0,,7.602682828903198,7.602682828903198
scene_15,vlm_best_question,ambiguous,1,1,0,1.0,1,1,1.0,1,1.0,0,0.0,0,1,1.0,1.0,1.0,93.01605415344238,93.01605415344238
scene_15,vlm_best_question,clear,1,0,1,0.0,0,0,,0,0.0,1,1.0,0,0,0.0,0.0,,45.39202499389648,45.39202499389648
scene_15,vlm_best_question,partial,1,1,0,1.0,1,1,1.0,1,1.0,0,0.0,0,0,0.0,0.0,,85.84410905838013,85.84410905838013
scene_16,proposed_efe,ambiguous,1,1,0,1.0,1,1,1.0,1,1.0,0,0.0,0,1,1.0,2.0,2.0,135.45363664627075,135.45363664627075
scene_16,proposed_efe,clear,1,1,0,1.0,1,1,1.0,1,1.0,0,0.0,0,0,0.0,0.0,,46.64639544487,46.64639544487
scene_16,proposed_efe,partial,1,1,0,1.0,1,1,1.0,1,1.0,0,0.0,0,0,0.0,0.0,,83.75720286369324,83.75720286369324
scene_16,random_candidate,ambiguous,1,0,1,0.0,0,0,,0,0.0,1,1.0,0,0,0.0,0.0,,51.589335918426514,51.589335918426514
scene_16,top_score,ambiguous,1,0,1,0.0,0,0,,0,0.0,1,1.0,0,0,0.0,0.0,,8.172514200210571,8.172514200210571
scene_16,top_score,clear,1,1,0,1.0,1,1,1.0,1,1.0,0,0.0,0,0,0.0,0.0,,5.080413579940796,5.080413579940796
scene_16,vlm_best_question,ambiguous,1,1,0,1.0,1,1,1.0,1,1.0,0,0.0,0,1,1.0,3.0,3.0,213.0908880233765,213.0908880233765
scene_16,vlm_best_question,clear,1,1,0,1.0,1,1,1.0,1,1.0,0,0.0,0,0,0.0,0.0,,49.96120691299439,49.96120691299439
scene_16,vlm_best_question,partial,1,1,0,1.0,1,1,1.0,1,1.0,0,0.0,0,1,1.0,1.0,1.0,129.04905462265015,129.04905462265015
scene_17,proposed_efe,ambiguous,1,1,0,1.0,1,1,1.0,1,1.0,0,0.0,0,1,1.0,2.0,2.0,126.79300379753111,126.79300379753111
scene_17,proposed_efe,clear,1,1,0,1.0,1,1,1.0,1,1.0,0,0.0,0,0,0.0,0.0,,67.79375457763672,67.79375457763672
scene_17,proposed_efe,partial,1,1,0,1.0,1,1,1.0,1,1.0,0,0.0,0,0,0.0,0.0,,86.18184566497803,86.18184566497803
scene_17,random_candidate,ambiguous,1,1,0,1.0,1,1,1.0,1,1.0,0,0.0,0,0,0.0,0.0,,70.93351745605469,70.93351745605469
scene_17,random_candidate,clear,1,1,0,1.0,1,1,1.0,1,1.0,0,0.0,0,0,0.0,0.0,,74.24806904792786,74.24806904792786
scene_17,random_candidate,partial,1,0,1,0.0,0,0,,0,0.0,1,1.0,0,0,0.0,0.0,,5.840173721313477,5.840173721313477
scene_17,top_score,ambiguous,1,0,1,0.0,0,0,,0,0.0,1,1.0,0,0,0.0,0.0,,33.772834062576294,33.772834062576294
scene_17,top_score,clear,1,1,0,1.0,1,1,1.0,1,1.0,0,0.0,0,0,0.0,0.0,,61.18797755241394,61.18797755241394
scene_17,top_score,partial,1,0,1,0.0,0,0,,0,0.0,1,1.0,0,0,0.0,0.0,,4.873505353927612,4.873505353927612
scene_17,vlm_best_question,ambiguous,1,1,0,1.0,1,1,1.0,1,1.0,0,0.0,0,1,1.0,2.0,2.0,204.58700847625727,204.58700847625727
scene_17,vlm_best_question,clear,1,1,0,1.0,1,1,1.0,1,1.0,0,0.0,0,0,0.0,0.0,,112.794926404953,112.794926404953
scene_18,proposed_efe,ambiguous,1,1,0,1.0,1,1,1.0,1,1.0,0,0.0,0,1,1.0,1.0,1.0,98.386981010437,98.386981010437
scene_18,proposed_efe,clear,1,1,0,1.0,1,1,1.0,1,1.0,0,0.0,0,0,0.0,0.0,,105.67159295082092,105.67159295082092
scene_18,proposed_efe,partial,1,1,0,1.0,1,1,1.0,1,1.0,0,0.0,0,0,0.0,0.0,,84.34308362007141,84.34308362007141
scene_18,random_candidate,ambiguous,1,1,0,1.0,1,1,1.0,1,1.0,0,0.0,0,0,0.0,0.0,,98.01175856590272,98.01175856590272
scene_18,random_candidate,clear,1,1,0,1.0,1,1,1.0,1,1.0,0,0.0,0,0,0.0,0.0,,66.63698768615723,66.63698768615723
scene_18,random_candidate,partial,1,1,0,1.0,1,1,1.0,1,1.0,0,0.0,0,0,0.0,0.0,,57.83348870277405,57.83348870277405
scene_18,top_score,ambiguous,1,0,1,0.0,0,0,,0,0.0,1,1.0,0,0,0.0,0.0,,20.25336265563965,20.25336265563965
scene_18,top_score,clear,1,1,0,1.0,1,1,1.0,1,1.0,0,0.0,0,0,0.0,0.0,,75.52289199829102,75.52289199829102
scene_18,top_score,partial,1,1,0,1.0,1,1,1.0,1,1.0,0,0.0,0,0,0.0,0.0,,44.50240874290466,44.50240874290466
scene_18,vlm_best_question,ambiguous,1,1,0,1.0,1,0,0.0,0,0.0,0,0.0,0,1,1.0,1.0,1.0,89.71352481842041,89.71352481842041
scene_18,vlm_best_question,clear,1,1,0,1.0,1,1,1.0,1,1.0,0,0.0,0,0,0.0,0.0,,76.68568778038025,76.68568778038025
scene_18,vlm_best_question,partial,1,1,0,1.0,1,1,1.0,1,1.0,0,0.0,0,0,0.0,0.0,,91.0746328830719,91.0746328830719
scene_19,proposed_efe,ambiguous,1,1,0,1.0,1,1,1.0,1,1.0,0,0.0,0,1,1.0,1.0,1.0,84.90478610992432,84.90478610992432
scene_19,proposed_efe,clear,1,1,0,1.0,1,0,0.0,0,0.0,0,0.0,0,1,1.0,1.0,1.0,90.9542841911316,90.9542841911316
scene_19,proposed_efe,partial,1,1,0,1.0,1,1,1.0,1,1.0,0,0.0,0,0,0.0,0.0,,69.72500085830688,69.72500085830688
scene_19,random_candidate,ambiguous,1,0,1,0.0,0,0,,0,0.0,1,1.0,0,0,0.0,0.0,,11.07080078125,11.07080078125
scene_19,random_candidate,clear,1,1,0,1.0,1,1,1.0,1,1.0,0,0.0,0,0,0.0,0.0,,53.793724060058594,53.793724060058594
scene_19,random_candidate,partial,1,0,1,0.0,0,0,,0,0.0,1,1.0,0,0,0.0,0.0,,51.51635766029358,51.51635766029358
scene_19,top_score,ambiguous,1,1,0,1.0,1,1,1.0,1,1.0,0,0.0,0,0,0.0,0.0,,65.04689764976501,65.04689764976501
scene_19,top_score,clear,1,1,0,1.0,1,1,1.0,1,1.0,0,0.0,0,0,0.0,0.0,,49.58316588401794,49.58316588401794
scene_19,top_score,partial,1,0,1,0.0,0,0,,0,0.0,1,1.0,0,0,0.0,0.0,,9.721619606018066,9.721619606018066
scene_19,vlm_best_question,ambiguous,1,1,0,1.0,1,1,1.0,1,1.0,0,0.0,0,1,1.0,2.0,2.0,147.0919668674469,147.0919668674469
scene_19,vlm_best_question,clear,1,1,0,1.0,1,1,1.0,1,1.0,0,0.0,0,0,0.0,0.0,,86.36129260063171,86.36129260063171
scene_19,vlm_best_question,partial,1,1,0,1.0,1,1,1.0,1,1.0,0,0.0,0,0,0.0,0.0,,61.08268809318543,61.08268809318543
scene_20,proposed_efe,partial,1,0,1,0.0,0,0,,0,0.0,1,1.0,0,0,0.0,0.0,,24.958513498306274,24.958513498306274
scene_20,random_candidate,ambiguous,1,0,1,0.0,0,0,,0,0.0,1,1.0,0,0,0.0,0.0,,29.73502516746521,29.73502516746521
scene_20,random_candidate,clear,1,1,0,1.0,1,1,1.0,1,1.0,0,0.0,0,0,0.0,0.0,,59.16199445724487,59.16199445724487
scene_20,random_candidate,partial,1,0,1,0.0,0,0,,0,0.0,1,1.0,0,0,0.0,0.0,,7.396331310272217,7.396331310272217
scene_20,top_score,ambiguous,1,0,1,0.0,0,0,,0,0.0,1,1.0,0,0,0.0,0.0,,8.734300374984741,8.734300374984741
scene_20,top_score,partial,1,0,1,0.0,0,0,,0,0.0,1,1.0,0,0,0.0,0.0,,6.5115954875946045,6.5115954875946045
scene_20,vlm_best_question,ambiguous,1,1,0,1.0,1,1,1.0,1,1.0,0,0.0,0,1,1.0,3.0,3.0,194.820748090744,194.820748090744
scene_20,vlm_best_question,partial,1,0,1,0.0,0,0,,0,0.0,1,1.0,0,0,0.0,0.0,,70.14971852302551,70.14971852302551
