eps_fp,eps_tp,tau_final,TP,FP,N,recall_obj,precision,f1,fp_per_image
0.01,0.01,0.5046449899673462,826,4,1233,0.6699107866991079,0.9951807228915662,0.8007755695588948,0.02631578947368421
0.01,0.02,0.5046449899673462,826,4,1233,0.6699107866991079,0.9951807228915662,0.8007755695588948,0.02631578947368421
0.01,0.03,0.5046449899673462,826,4,1233,0.6699107866991079,0.9951807228915662,0.8007755695588948,0.02631578947368421
0.01,0.04,0.5046449899673462,826,4,1233,0.6699107866991079,0.9951807228915662,0.8007755695588948,0.02631578947368421
0.01,0.05,0.5046449899673462,826,4,1233,0.6699107866991079,0.9951807228915662,0.8007755695588948,0.02631578947368421
0.01,0.06,0.5046449899673462,826,4,1233,0.6699107866991079,0.9951807228915662,0.8007755695588948,0.02631578947368421
0.01,0.07,0.5046449899673462,826,4,1233,0.6699107866991079,0.9951807228915662,0.8007755695588948,0.02631578947368421
0.01,0.08,0.5046449899673462,826,4,1233,0.6699107866991079,0.9951807228915662,0.8007755695588948,0.02631578947368421
0.01,0.09,0.5046449899673462,826,4,1233,0.6699107866991079,0.9951807228915662,0.8007755695588948,0.02631578947368421
0.01,0.1,0.5046449899673462,826,4,1233,0.6699107866991079,0.9951807228915662,0.8007755695588948,0.02631578947368421
0.01,0.11,0.5046449899673462,826,4,1233,0.6699107866991079,0.9951807228915662,0.8007755695588948,0.02631578947368421
0.01,0.12,0.5046449899673462,826,4,1233,0.6699107866991079,0.9951807228915662,0.8007755695588948,0.02631578947368421
0.01,0.13,0.5046449899673462,826,4,1233,0.6699107866991079,0.9951807228915662,0.8007755695588948,0.02631578947368421
0.01,0.14,0.5046449899673462,826,4,1233,0.6699107866991079,0.9951807228915662,0.8007755695588948,0.02631578947368421
0.01,0.15,0.5046449899673462,826,4,1233,0.6699107866991079,0.9951807228915662,0.8007755695588948,0.02631578947368421
0.01,0.16,0.5046449899673462,826,4,1233,0.6699107866991079,0.9951807228915662,0.8007755695588948,0.02631578947368421
0.01,0.17,0.5046449899673462,826,4,1233,0.6699107866991079,0.9951807228915662,0.8007755695588948,0.02631578947368421
0.01,0.18,0.5046449899673462,826,4,1233,0.6699107866991079,0.9951807228915662,0.8007755695588948,0.02631578947368421
0.01,0.19,0.5046449899673462,826,4,1233,0.6699107866991079,0.9951807228915662,0.8007755695588948,0.02631578947368421
0.01,0.2,0.5046449899673462,826,4,1233,0.6699107866991079,0.9951807228915662,0.8007755695588948,0.02631578947368421
0.01,0.21,0.5046449899673462,826,4,1233,0.6699107866991079,0.9951807228915662,0.8007755695588948,0.02631578947368421
0.01,0.22,0.5046449899673462,826,4,1233,0.6699107866991079,0.9951807228915662,0.8007755695588948,0.02631578947368421
0.01,0.23,0.5046449899673462,826,4,1233,0.6699107866991079,0.9951807228915662,0.8007755695588948,0.02631578947368421
0.01,0.24,0.5046449899673462,826,4,1233,0.6699107866991079,0.9951807228915662,0.8007755695588948,0.02631578947368421
0.01,0.25,0.5046449899673462,826,4,1233,0.6699107866991079,0.9951807228915662,0.8007755695588948,0.02631578947368421
0.01,0.26,0.5046449899673462,826,4,1233,0.6699107866991079,0.9951807228915662,0.8007755695588948,0.02631578947368421
0.01,0.27,0.5046449899673462,826,4,1233,0.6699107866991079,0.9951807228915662,0.8007755695588948,0.02631578947368421
0.01,0.28,0.5046449899673462,826,4,1233,0.6699107866991079,0.9951807228915662,0.8007755695588948,0.02631578947368421
0.01,0.29,0.5046449899673462,826,4,1233,0.6699107866991079,0.9951807228915662,0.8007755695588948,0.02631578947368421
0.02,0.01,0.4589100778102875,924,5,1233,0.7493917274939172,0.9946178686759957,0.854764107308048,0.03289473684210526
0.02,0.02,0.4589100778102875,924,5,1233,0.7493917274939172,0.9946178686759957,0.854764107308048,0.03289473684210526
0.02,0.03,0.4589100778102875,924,5,1233,0.7493917274939172,0.9946178686759957,0.854764107308048,0.03289473684210526
0.02,0.04,0.4589100778102875,924,5,1233,0.7493917274939172,0.9946178686759957,0.854764107308048,0.03289473684210526
0.02,0.05,0.4589100778102875,924,5,1233,0.7493917274939172,0.9946178686759957,0.854764107308048,0.03289473684210526
0.02,0.06,0.4589100778102875,924,5,1233,0.7493917274939172,0.9946178686759957,0.854764107308048,0.03289473684210526
0.02,0.07,0.4589100778102875,924,5,1233,0.7493917274939172,0.9946178686759957,0.854764107308048,0.03289473684210526
0.02,0.08,0.4589100778102875,924,5,1233,0.7493917274939172,0.9946178686759957,0.854764107308048,0.03289473684210526
0.02,0.09,0.4589100778102875,924,5,1233,0.7493917274939172,0.9946178686759957,0.854764107308048,0.03289473684210526
0.02,0.1,0.4589100778102875,924,5,1233,0.7493917274939172,0.9946178686759957,0.854764107308048,0.03289473684210526
0.02,0.11,0.4589100778102875,924,5,1233,0.7493917274939172,0.9946178686759957,0.854764107308048,0.03289473684210526
0.02,0.12,0.4589100778102875,924,5,1233,0.7493917274939172,0.9946178686759957,0.854764107308048,0.03289473684210526
0.02,0.13,0.4589100778102875,924,5,1233,0.7493917274939172,0.9946178686759957,0.854764107308048,0.03289473684210526
0.02,0.14,0.4589100778102875,924,5,1233,0.7493917274939172,0.9946178686759957,0.854764107308048,0.03289473684210526
0.02,0.15,0.4589100778102875,924,5,1233,0.7493917274939172,0.9946178686759957,0.854764107308048,0.03289473684210526
0.02,0.16,0.4589100778102875,924,5,1233,0.7493917274939172,0.9946178686759957,0.854764107308048,0.03289473684210526
0.02,0.17,0.4589100778102875,924,5,1233,0.7493917274939172,0.9946178686759957,0.854764107308048,0.03289473684210526
0.02,0.18,0.4589100778102875,924,5,1233,0.7493917274939172,0.9946178686759957,0.854764107308048,0.03289473684210526
0.02,0.19,0.4589100778102875,924,5,1233,0.7493917274939172,0.9946178686759957,0.854764107308048,0.03289473684210526
0.02,0.2,0.4589100778102875,924,5,1233,0.7493917274939172,0.9946178686759957,0.854764107308048,0.03289473684210526
0.02,0.21,0.4589100778102875,924,5,1233,0.7493917274939172,0.9946178686759957,0.854764107308048,0.03289473684210526
0.02,0.22,0.46143150329589844,917,5,1233,0.7437145174371452,0.9945770065075922,0.8510440835266821,0.03289473684210526
0.02,0.23,0.4650297164916992,906,5,1233,0.7347931873479319,0.9945115257958288,0.8451492537313432,0.03289473684210526
0.02,0.24,0.46998530626296997,893,4,1233,0.7242497972424979,0.9955406911928651,0.8384976525821597,0.02631578947368421
0.02,0.25,0.473291277885437,885,4,1233,0.7177615571776156,0.9955005624296963,0.8341187558906692,0.02631578947368421
0.02,0.26,0.47672128677368164,873,4,1233,0.708029197080292,0.9954389965792474,0.8274881516587678,0.02631578947368421
0.02,0.27,0.48006686568260193,866,4,1233,0.7023519870235199,0.9954022988505747,0.8235853542558251,0.02631578947368421
0.02,0.28,0.48308706283569336,862,4,1233,0.6991078669910786,0.9953810623556582,0.8213434969032873,0.02631578947368421
0.02,0.29,0.4861908257007599,860,4,1233,0.6974858069748581,0.9953703703703703,0.8202193609918932,0.02631578947368421
0.03,0.01,0.4260057508945465,998,6,1233,0.8094079480940795,0.9940239043824701,0.8922664282521234,0.039473684210526314
0.03,0.02,0.4260057508945465,998,6,1233,0.8094079480940795,0.9940239043824701,0.8922664282521234,0.039473684210526314
0.03,0.03,0.4260057508945465,998,6,1233,0.8094079480940795,0.9940239043824701,0.8922664282521234,0.039473684210526314
0.03,0.04,0.4260057508945465,998,6,1233,0.8094079480940795,0.9940239043824701,0.8922664282521234,0.039473684210526314
0.03,0.05,0.4260057508945465,998,6,1233,0.8094079480940795,0.9940239043824701,0.8922664282521234,0.039473684210526314
0.03,0.06,0.4260057508945465,998,6,1233,0.8094079480940795,0.9940239043824701,0.8922664282521234,0.039473684210526314
0.03,0.07,0.4260057508945465,998,6,1233,0.8094079480940795,0.9940239043824701,0.8922664282521234,0.039473684210526314
0.03,0.08,0.4260057508945465,998,6,1233,0.8094079480940795,0.9940239043824701,0.8922664282521234,0.039473684210526314
0.03,0.09,0.4260057508945465,998,6,1233,0.8094079480940795,0.9940239043824701,0.8922664282521234,0.039473684210526314
0.03,0.1,0.4260057508945465,998,6,1233,0.8094079480940795,0.9940239043824701,0.8922664282521234,0.039473684210526314
0.03,0.11,0.4260057508945465,998,6,1233,0.8094079480940795,0.9940239043824701,0.8922664282521234,0.039473684210526314
0.03,0.12,0.4260057508945465,998,6,1233,0.8094079480940795,0.9940239043824701,0.8922664282521234,0.039473684210526314
0.03,0.13,0.4260057508945465,998,6,1233,0.8094079480940795,0.9940239043824701,0.8922664282521234,0.039473684210526314
0.03,0.14,0.4260057508945465,998,6,1233,0.8094079480940795,0.9940239043824701,0.8922664282521234,0.039473684210526314
0.03,0.15,0.4286336898803711,989,6,1233,0.8021086780210868,0.9939698492462311,0.8877917414721722,0.039473684210526314
0.03,0.16,0.43381446599960327,980,6,1233,0.7948094079480941,0.9939148073022313,0.8832807570977919,0.039473684210526314
0.03,0.17,0.43911486864089966,964,6,1233,0.7818329278183292,0.9938144329896907,0.8751702224239672,0.039473684210526314
0.03,0.18,0.44459840655326843,959,5,1233,0.7777777777777778,0.9948132780082988,0.8730086481565772,0.03289473684210526
0.03,0.19,0.4492764174938202,944,5,1233,0.7656123276561233,0.9947312961011591,0.8652612282309807,0.03289473684210526
0.03,0.2,0.45281803607940674,937,5,1233,0.7599351175993512,0.994692144373673,0.8616091954022989,0.03289473684210526
0.03,0.21,0.45662403106689453,928,5,1233,0.7526358475263585,0.9946409431939979,0.8568790397045244,0.03289473684210526
0.03,0.22,0.46143150329589844,917,5,1233,0.7437145174371452,0.9945770065075922,0.8510440835266821,0.03289473684210526
0.03,0.23,0.4650297164916992,906,5,1233,0.7347931873479319,0.9945115257958288,0.8451492537313432,0.03289473684210526
0.03,0.24,0.46998530626296997,893,4,1233,0.7242497972424979,0.9955406911928651,0.8384976525821597,0.02631578947368421
0.03,0.25,0.473291277885437,885,4,1233,0.7177615571776156,0.9955005624296963,0.8341187558906692,0.02631578947368421
0.03,0.26,0.47672128677368164,873,4,1233,0.708029197080292,0.9954389965792474,0.8274881516587678,0.02631578947368421
0.03,0.27,0.48006686568260193,866,4,1233,0.7023519870235199,0.9954022988505747,0.8235853542558251,0.02631578947368421
0.03,0.28,0.48308706283569336,862,4,1233,0.6991078669910786,0.9953810623556582,0.8213434969032873,0.02631578947368421
0.03,0.29,0.4861908257007599,860,4,1233,0.6974858069748581,0.9953703703703703,0.8202193609918932,0.02631578947368421
0.04,0.01,0.40317603945732117,1041,9,1233,0.8442822384428224,0.9914285714285714,0.9119579500657031,0.05921052631578947
0.04,0.02,0.40317603945732117,1041,9,1233,0.8442822384428224,0.9914285714285714,0.9119579500657031,0.05921052631578947
0.04,0.03,0.40317603945732117,1041,9,1233,0.8442822384428224,0.9914285714285714,0.9119579500657031,0.05921052631578947
0.04,0.04,0.40317603945732117,1041,9,1233,0.8442822384428224,0.9914285714285714,0.9119579500657031,0.05921052631578947
0.04,0.05,0.40317603945732117,1041,9,1233,0.8442822384428224,0.9914285714285714,0.9119579500657031,0.05921052631578947
0.04,0.06,0.40317603945732117,1041,9,1233,0.8442822384428224,0.9914285714285714,0.9119579500657031,0.05921052631578947
0.04,0.07,0.40317603945732117,1041,9,1233,0.8442822384428224,0.9914285714285714,0.9119579500657031,0.05921052631578947
0.04,0.08,0.40317603945732117,1041,9,1233,0.8442822384428224,0.9914285714285714,0.9119579500657031,0.05921052631578947
0.04,0.09,0.40317603945732117,1041,9,1233,0.8442822384428224,0.9914285714285714,0.9119579500657031,0.05921052631578947
0.04,0.1,0.40317603945732117,1041,9,1233,0.8442822384428224,0.9914285714285714,0.9119579500657031,0.05921052631578947
0.04,0.11,0.4047017991542816,1039,9,1233,0.8426601784266018,0.9914122137404581,0.9110039456378781,0.05921052631578947
0.04,0.12,0.41200897097587585,1030,9,1233,0.8353609083536091,0.9913378248315688,0.9066901408450705,0.05921052631578947
0.04,0.13,0.417283296585083,1013,7,1233,0.8215733982157339,0.9931372549019608,0.8992454505104305,0.046052631578947366
0.04,0.14,0.42354804277420044,1000,6,1233,0.8110300081103001,0.9940357852882704,0.8932559178204557,0.039473684210526314
0.04,0.15,0.4286336898803711,989,6,1233,0.8021086780210868,0.9939698492462311,0.8877917414721722,0.039473684210526314
0.04,0.16,0.43381446599960327,980,6,1233,0.7948094079480941,0.9939148073022313,0.8832807570977919,0.039473684210526314
0.04,0.17,0.43911486864089966,964,6,1233,0.7818329278183292,0.9938144329896907,0.8751702224239672,0.039473684210526314
0.04,0.18,0.44459840655326843,959,5,1233,0.7777777777777778,0.9948132780082988,0.8730086481565772,0.03289473684210526
0.04,0.19,0.4492764174938202,944,5,1233,0.7656123276561233,0.9947312961011591,0.8652612282309807,0.03289473684210526
0.04,0.2,0.45281803607940674,937,5,1233,0.7599351175993512,0.994692144373673,0.8616091954022989,0.03289473684210526
0.04,0.21,0.45662403106689453,928,5,1233,0.7526358475263585,0.9946409431939979,0.8568790397045244,0.03289473684210526
0.04,0.22,0.46143150329589844,917,5,1233,0.7437145174371452,0.9945770065075922,0.8510440835266821,0.03289473684210526
0.04,0.23,0.4650297164916992,906,5,1233,0.7347931873479319,0.9945115257958288,0.8451492537313432,0.03289473684210526
0.04,0.24,0.46998530626296997,893,4,1233,0.7242497972424979,0.9955406911928651,0.8384976525821597,0.02631578947368421
0.04,0.25,0.473291277885437,885,4,1233,0.7177615571776156,0.9955005624296963,0.8341187558906692,0.02631578947368421
0.04,0.26,0.47672128677368164,873,4,1233,0.708029197080292,0.9954389965792474,0.8274881516587678,0.02631578947368421
0.04,0.27,0.48006686568260193,866,4,1233,0.7023519870235199,0.9954022988505747,0.8235853542558251,0.02631578947368421
0.04,0.28,0.48308706283569336,862,4,1233,0.6991078669910786,0.9953810623556582,0.8213434969032873,0.02631578947368421
0.04,0.29,0.4861908257007599,860,4,1233,0.6974858069748581,0.9953703703703703,0.8202193609918932,0.02631578947368421
0.05,0.01,0.385497510433197,1069,12,1233,0.8669910786699108,0.9888991674375578,0.9239412273120138,0.07894736842105263
0.05,0.02,0.385497510433197,1069,12,1233,0.8669910786699108,0.9888991674375578,0.9239412273120138,0.07894736842105263
0.05,0.03,0.385497510433197,1069,12,1233,0.8669910786699108,0.9888991674375578,0.9239412273120138,0.07894736842105263
0.05,0.04,0.385497510433197,1069,12,1233,0.8669910786699108,0.9888991674375578,0.9239412273120138,0.07894736842105263
0.05,0.05,0.385497510433197,1069,12,1233,0.8669910786699108,0.9888991674375578,0.9239412273120138,0.07894736842105263
0.05,0.06,0.385497510433197,1069,12,1233,0.8669910786699108,0.9888991674375578,0.9239412273120138,0.07894736842105263
0.05,0.07,0.385497510433197,1069,12,1233,0.8669910786699108,0.9888991674375578,0.9239412273120138,0.07894736842105263
0.05,0.08,0.385497510433197,1069,12,1233,0.8669910786699108,0.9888991674375578,0.9239412273120138,0.07894736842105263
0.05,0.09,0.39082932472229004,1067,10,1233,0.8653690186536902,0.9907149489322191,0.9238095238095237,0.06578947368421052
0.05,0.1,0.3987773358821869,1045,9,1233,0.8475263584752636,0.99146110056926,0.9138609532138172,0.05921052631578947
0.05,0.11,0.4047017991542816,1039,9,1233,0.8426601784266018,0.9914122137404581,0.9110039456378781,0.05921052631578947
0.05,0.12,0.41200897097587585,1030,9,1233,0.8353609083536091,0.9913378248315688,0.9066901408450705,0.05921052631578947
0.05,0.13,0.417283296585083,1013,7,1233,0.8215733982157339,0.9931372549019608,0.8992454505104305,0.046052631578947366
0.05,0.14,0.42354804277420044,1000,6,1233,0.8110300081103001,0.9940357852882704,0.8932559178204557,0.039473684210526314
0.05,0.15,0.4286336898803711,989,6,1233,0.8021086780210868,0.9939698492462311,0.8877917414721722,0.039473684210526314
0.05,0.16,0.43381446599960327,980,6,1233,0.7948094079480941,0.9939148073022313,0.8832807570977919,0.039473684210526314
0.05,0.17,0.43911486864089966,964,6,1233,0.7818329278183292,0.9938144329896907,0.8751702224239672,0.039473684210526314
0.05,0.18,0.44459840655326843,959,5,1233,0.7777777777777778,0.9948132780082988,0.8730086481565772,0.03289473684210526
0.05,0.19,0.4492764174938202,944,5,1233,0.7656123276561233,0.9947312961011591,0.8652612282309807,0.03289473684210526
0.05,0.2,0.45281803607940674,937,5,1233,0.7599351175993512,0.994692144373673,0.8616091954022989,0.03289473684210526
0.05,0.21,0.45662403106689453,928,5,1233,0.7526358475263585,0.9946409431939979,0.8568790397045244,0.03289473684210526
0.05,0.22,0.46143150329589844,917,5,1233,0.7437145174371452,0.9945770065075922,0.8510440835266821,0.03289473684210526
0.05,0.23,0.4650297164916992,906,5,1233,0.7347931873479319,0.9945115257958288,0.8451492537313432,0.03289473684210526
0.05,0.24,0.46998530626296997,893,4,1233,0.7242497972424979,0.9955406911928651,0.8384976525821597,0.02631578947368421
0.05,0.25,0.473291277885437,885,4,1233,0.7177615571776156,0.9955005624296963,0.8341187558906692,0.02631578947368421
0.05,0.26,0.47672128677368164,873,4,1233,0.708029197080292,0.9954389965792474,0.8274881516587678,0.02631578947368421
0.05,0.27,0.48006686568260193,866,4,1233,0.7023519870235199,0.9954022988505747,0.8235853542558251,0.02631578947368421
0.05,0.28,0.48308706283569336,862,4,1233,0.6991078669910786,0.9953810623556582,0.8213434969032873,0.02631578947368421
0.05,0.29,0.4861908257007599,860,4,1233,0.6974858069748581,0.9953703703703703,0.8202193609918932,0.02631578947368421
0.06,0.01,0.37248560786247253,1086,16,1233,0.8807785888077859,0.985480943738657,0.9301927194860815,0.10526315789473684
0.06,0.02,0.37248560786247253,1086,16,1233,0.8807785888077859,0.985480943738657,0.9301927194860815,0.10526315789473684
0.06,0.03,0.37248560786247253,1086,16,1233,0.8807785888077859,0.985480943738657,0.9301927194860815,0.10526315789473684
0.06,0.04,0.37248560786247253,1086,16,1233,0.8807785888077859,0.985480943738657,0.9301927194860815,0.10526315789473684
0.06,0.05,0.37248560786247253,1086,16,1233,0.8807785888077859,0.985480943738657,0.9301927194860815,0.10526315789473684
0.06,0.06,0.37248560786247253,1086,16,1233,0.8807785888077859,0.985480943738657,0.9301927194860815,0.10526315789473684
0.06,0.07,0.37521296739578247,1079,14,1233,0.8751013787510138,0.9871912168344007,0.9277730008598453,0.09210526315789473
0.06,0.08,0.3830002248287201,1070,12,1233,0.8678021086780211,0.988909426987061,0.9244060475161987,0.07894736842105263
0.06,0.09,0.39082932472229004,1067,10,1233,0.8653690186536902,0.9907149489322191,0.9238095238095237,0.06578947368421052
0.06,0.1,0.3987773358821869,1045,9,1233,0.8475263584752636,0.99146110056926,0.9138609532138172,0.05921052631578947
0.06,0.11,0.4047017991542816,1039,9,1233,0.8426601784266018,0.9914122137404581,0.9110039456378781,0.05921052631578947
0.06,0.12,0.41200897097587585,1030,9,1233,0.8353609083536091,0.9913378248315688,0.9066901408450705,0.05921052631578947
0.06,0.13,0.417283296585083,1013,7,1233,0.8215733982157339,0.9931372549019608,0.8992454505104305,0.046052631578947366
0.06,0.14,0.42354804277420044,1000,6,1233,0.8110300081103001,0.9940357852882704,0.8932559178204557,0.039473684210526314
0.06,0.15,0.4286336898803711,989,6,1233,0.8021086780210868,0.9939698492462311,0.8877917414721722,0.039473684210526314
0.06,0.16,0.43381446599960327,980,6,1233,0.7948094079480941,0.9939148073022313,0.8832807570977919,0.039473684210526314
0.06,0.17,0.43911486864089966,964,6,1233,0.7818329278183292,0.9938144329896907,0.8751702224239672,0.039473684210526314
0.06,0.18,0.44459840655326843,959,5,1233,0.7777777777777778,0.9948132780082988,0.8730086481565772,0.03289473684210526
0.06,0.19,0.4492764174938202,944,5,1233,0.7656123276561233,0.9947312961011591,0.8652612282309807,0.03289473684210526
0.06,0.2,0.45281803607940674,937,5,1233,0.7599351175993512,0.994692144373673,0.8616091954022989,0.03289473684210526
0.06,0.21,0.45662403106689453,928,5,1233,0.7526358475263585,0.9946409431939979,0.8568790397045244,0.03289473684210526
0.06,0.22,0.46143150329589844,917,5,1233,0.7437145174371452,0.9945770065075922,0.8510440835266821,0.03289473684210526
0.06,0.23,0.4650297164916992,906,5,1233,0.7347931873479319,0.9945115257958288,0.8451492537313432,0.03289473684210526
0.06,0.24,0.46998530626296997,893,4,1233,0.7242497972424979,0.9955406911928651,0.8384976525821597,0.02631578947368421
0.06,0.25,0.473291277885437,885,4,1233,0.7177615571776156,0.9955005624296963,0.8341187558906692,0.02631578947368421
0.06,0.26,0.47672128677368164,873,4,1233,0.708029197080292,0.9954389965792474,0.8274881516587678,0.02631578947368421
0.06,0.27,0.48006686568260193,866,4,1233,0.7023519870235199,0.9954022988505747,0.8235853542558251,0.02631578947368421
0.06,0.28,0.48308706283569336,862,4,1233,0.6991078669910786,0.9953810623556582,0.8213434969032873,0.02631578947368421
0.06,0.29,0.4861908257007599,860,4,1233,0.6974858069748581,0.9953703703703703,0.8202193609918932,0.02631578947368421
0.07,0.01,0.35977840423583984,1100,19,1233,0.8921330089213301,0.9830205540661304,0.9353741496598639,0.125
0.07,0.02,0.35977840423583984,1100,19,1233,0.8921330089213301,0.9830205540661304,0.9353741496598639,0.125
0.07,0.03,0.35977840423583984,1100,19,1233,0.8921330089213301,0.9830205540661304,0.9353741496598639,0.125
0.07,0.04,0.35977840423583984,1100,19,1233,0.8921330089213301,0.9830205540661304,0.9353741496598639,0.125
0.07,0.05,0.35977840423583984,1100,19,1233,0.8921330089213301,0.9830205540661304,0.9353741496598639,0.125
0.07,0.06,0.3687959909439087,1094,17,1233,0.8872668288726683,0.9846984698469847,0.9334470989761093,0.1118421052631579
0.07,0.07,0.37521296739578247,1079,14,1233,0.8751013787510138,0.9871912168344007,0.9277730008598453,0.09210526315789473
0.07,0.08,0.3830002248287201,1070,12,1233,0.8678021086780211,0.988909426987061,0.9244060475161987,0.07894736842105263
0.07,0.09,0.39082932472229004,1067,10,1233,0.8653690186536902,0.9907149489322191,0.9238095238095237,0.06578947368421052
0.07,0.1,0.3987773358821869,1045,9,1233,0.8475263584752636,0.99146110056926,0.9138609532138172,0.05921052631578947
0.07,0.11,0.4047017991542816,1039,9,1233,0.8426601784266018,0.9914122137404581,0.9110039456378781,0.05921052631578947
0.07,0.12,0.41200897097587585,1030,9,1233,0.8353609083536091,0.9913378248315688,0.9066901408450705,0.05921052631578947
0.07,0.13,0.417283296585083,1013,7,1233,0.8215733982157339,0.9931372549019608,0.8992454505104305,0.046052631578947366
0.07,0.14,0.42354804277420044,1000,6,1233,0.8110300081103001,0.9940357852882704,0.8932559178204557,0.039473684210526314
0.07,0.15,0.4286336898803711,989,6,1233,0.8021086780210868,0.9939698492462311,0.8877917414721722,0.039473684210526314
0.07,0.16,0.43381446599960327,980,6,1233,0.7948094079480941,0.9939148073022313,0.8832807570977919,0.039473684210526314
0.07,0.17,0.43911486864089966,964,6,1233,0.7818329278183292,0.9938144329896907,0.8751702224239672,0.039473684210526314
0.07,0.18,0.44459840655326843,959,5,1233,0.7777777777777778,0.9948132780082988,0.8730086481565772,0.03289473684210526
0.07,0.19,0.4492764174938202,944,5,1233,0.7656123276561233,0.9947312961011591,0.8652612282309807,0.03289473684210526
0.07,0.2,0.45281803607940674,937,5,1233,0.7599351175993512,0.994692144373673,0.8616091954022989,0.03289473684210526
0.07,0.21,0.45662403106689453,928,5,1233,0.7526358475263585,0.9946409431939979,0.8568790397045244,0.03289473684210526
0.07,0.22,0.46143150329589844,917,5,1233,0.7437145174371452,0.9945770065075922,0.8510440835266821,0.03289473684210526
0.07,0.23,0.4650297164916992,906,5,1233,0.7347931873479319,0.9945115257958288,0.8451492537313432,0.03289473684210526
0.07,0.24,0.46998530626296997,893,4,1233,0.7242497972424979,0.9955406911928651,0.8384976525821597,0.02631578947368421
0.07,0.25,0.473291277885437,885,4,1233,0.7177615571776156,0.9955005624296963,0.8341187558906692,0.02631578947368421
0.07,0.26,0.47672128677368164,873,4,1233,0.708029197080292,0.9954389965792474,0.8274881516587678,0.02631578947368421
0.07,0.27,0.48006686568260193,866,4,1233,0.7023519870235199,0.9954022988505747,0.8235853542558251,0.02631578947368421
0.07,0.28,0.48308706283569336,862,4,1233,0.6991078669910786,0.9953810623556582,0.8213434969032873,0.02631578947368421
0.07,0.29,0.4861908257007599,860,4,1233,0.6974858069748581,0.9953703703703703,0.8202193609918932,0.02631578947368421
0.08,0.01,0.3507849872112274,1112,23,1233,0.9018653690186537,0.9797356828193833,0.9391891891891893,0.1513157894736842
0.08,0.02,0.3507849872112274,1112,23,1233,0.9018653690186537,0.9797356828193833,0.9391891891891893,0.1513157894736842
0.08,0.03,0.3507849872112274,1112,23,1233,0.9018653690186537,0.9797356828193833,0.9391891891891893,0.1513157894736842
0.08,0.04,0.3515838384628296,1110,23,1233,0.9002433090024331,0.9796999117387467,0.9382924767540152,0.1513157894736842
0.08,0.05,0.35885384678840637,1100,19,1233,0.8921330089213301,0.9830205540661304,0.9353741496598639,0.125
0.08,0.06,0.3687959909439087,1094,17,1233,0.8872668288726683,0.9846984698469847,0.9334470989761093,0.1118421052631579
0.08,0.07,0.37521296739578247,1079,14,1233,0.8751013787510138,0.9871912168344007,0.9277730008598453,0.09210526315789473
0.08,0.08,0.3830002248287201,1070,12,1233,0.8678021086780211,0.988909426987061,0.9244060475161987,0.07894736842105263
0.08,0.09,0.39082932472229004,1067,10,1233,0.8653690186536902,0.9907149489322191,0.9238095238095237,0.06578947368421052
0.08,0.1,0.3987773358821869,1045,9,1233,0.8475263584752636,0.99146110056926,0.9138609532138172,0.05921052631578947
0.08,0.11,0.4047017991542816,1039,9,1233,0.8426601784266018,0.9914122137404581,0.9110039456378781,0.05921052631578947
0.08,0.12,0.41200897097587585,1030,9,1233,0.8353609083536091,0.9913378248315688,0.9066901408450705,0.05921052631578947
0.08,0.13,0.417283296585083,1013,7,1233,0.8215733982157339,0.9931372549019608,0.8992454505104305,0.046052631578947366
0.08,0.14,0.42354804277420044,1000,6,1233,0.8110300081103001,0.9940357852882704,0.8932559178204557,0.039473684210526314
0.08,0.15,0.4286336898803711,989,6,1233,0.8021086780210868,0.9939698492462311,0.8877917414721722,0.039473684210526314
0.08,0.16,0.43381446599960327,980,6,1233,0.7948094079480941,0.9939148073022313,0.8832807570977919,0.039473684210526314
0.08,0.17,0.43911486864089966,964,6,1233,0.7818329278183292,0.9938144329896907,0.8751702224239672,0.039473684210526314
0.08,0.18,0.44459840655326843,959,5,1233,0.7777777777777778,0.9948132780082988,0.8730086481565772,0.03289473684210526
0.08,0.19,0.4492764174938202,944,5,1233,0.7656123276561233,0.9947312961011591,0.8652612282309807,0.03289473684210526
0.08,0.2,0.45281803607940674,937,5,1233,0.7599351175993512,0.994692144373673,0.8616091954022989,0.03289473684210526
0.08,0.21,0.45662403106689453,928,5,1233,0.7526358475263585,0.9946409431939979,0.8568790397045244,0.03289473684210526
0.08,0.22,0.46143150329589844,917,5,1233,0.7437145174371452,0.9945770065075922,0.8510440835266821,0.03289473684210526
0.08,0.23,0.4650297164916992,906,5,1233,0.7347931873479319,0.9945115257958288,0.8451492537313432,0.03289473684210526
0.08,0.24,0.46998530626296997,893,4,1233,0.7242497972424979,0.9955406911928651,0.8384976525821597,0.02631578947368421
0.08,0.25,0.473291277885437,885,4,1233,0.7177615571776156,0.9955005624296963,0.8341187558906692,0.02631578947368421
0.08,0.26,0.47672128677368164,873,4,1233,0.708029197080292,0.9954389965792474,0.8274881516587678,0.02631578947368421
0.08,0.27,0.48006686568260193,866,4,1233,0.7023519870235199,0.9954022988505747,0.8235853542558251,0.02631578947368421
0.08,0.28,0.48308706283569336,862,4,1233,0.6991078669910786,0.9953810623556582,0.8213434969032873,0.02631578947368421
0.08,0.29,0.4861908257007599,860,4,1233,0.6974858069748581,0.9953703703703703,0.8202193609918932,0.02631578947368421
0.09,0.01,0.3437494933605194,1117,24,1233,0.9059205190592052,0.978965819456617,0.9410278011794438,0.15789473684210525
0.09,0.02,0.3437494933605194,1117,24,1233,0.9059205190592052,0.978965819456617,0.9410278011794438,0.15789473684210525
0.09,0.03,0.3437494933605194,1117,24,1233,0.9059205190592052,0.978965819456617,0.9410278011794438,0.15789473684210525
0.09,0.04,0.3515838384628296,1110,23,1233,0.9002433090024331,0.9796999117387467,0.9382924767540152,0.1513157894736842
0.09,0.05,0.35885384678840637,1100,19,1233,0.8921330089213301,0.9830205540661304,0.9353741496598639,0.125
0.09,0.06,0.3687959909439087,1094,17,1233,0.8872668288726683,0.9846984698469847,0.9334470989761093,0.1118421052631579
0.09,0.07,0.37521296739578247,1079,14,1233,0.8751013787510138,0.9871912168344007,0.9277730008598453,0.09210526315789473
0.09,0.08,0.3830002248287201,1070,12,1233,0.8678021086780211,0.988909426987061,0.9244060475161987,0.07894736842105263
0.09,0.09,0.39082932472229004,1067,10,1233,0.8653690186536902,0.9907149489322191,0.9238095238095237,0.06578947368421052
0.09,0.1,0.3987773358821869,1045,9,1233,0.8475263584752636,0.99146110056926,0.9138609532138172,0.05921052631578947
0.09,0.11,0.4047017991542816,1039,9,1233,0.8426601784266018,0.9914122137404581,0.9110039456378781,0.05921052631578947
0.09,0.12,0.41200897097587585,1030,9,1233,0.8353609083536091,0.9913378248315688,0.9066901408450705,0.05921052631578947
0.09,0.13,0.417283296585083,1013,7,1233,0.8215733982157339,0.9931372549019608,0.8992454505104305,0.046052631578947366
0.09,0.14,0.42354804277420044,1000,6,1233,0.8110300081103001,0.9940357852882704,0.8932559178204557,0.039473684210526314
0.09,0.15,0.4286336898803711,989,6,1233,0.8021086780210868,0.9939698492462311,0.8877917414721722,0.039473684210526314
0.09,0.16,0.43381446599960327,980,6,1233,0.7948094079480941,0.9939148073022313,0.8832807570977919,0.039473684210526314
0.09,0.17,0.43911486864089966,964,6,1233,0.7818329278183292,0.9938144329896907,0.8751702224239672,0.039473684210526314
0.09,0.18,0.44459840655326843,959,5,1233,0.7777777777777778,0.9948132780082988,0.8730086481565772,0.03289473684210526
0.09,0.19,0.4492764174938202,944,5,1233,0.7656123276561233,0.9947312961011591,0.8652612282309807,0.03289473684210526
0.09,0.2,0.45281803607940674,937,5,1233,0.7599351175993512,0.994692144373673,0.8616091954022989,0.03289473684210526
0.09,0.21,0.45662403106689453,928,5,1233,0.7526358475263585,0.9946409431939979,0.8568790397045244,0.03289473684210526
0.09,0.22,0.46143150329589844,917,5,1233,0.7437145174371452,0.9945770065075922,0.8510440835266821,0.03289473684210526
0.09,0.23,0.4650297164916992,906,5,1233,0.7347931873479319,0.9945115257958288,0.8451492537313432,0.03289473684210526
0.09,0.24,0.46998530626296997,893,4,1233,0.7242497972424979,0.9955406911928651,0.8384976525821597,0.02631578947368421
0.09,0.25,0.473291277885437,885,4,1233,0.7177615571776156,0.9955005624296963,0.8341187558906692,0.02631578947368421
0.09,0.26,0.47672128677368164,873,4,1233,0.708029197080292,0.9954389965792474,0.8274881516587678,0.02631578947368421
0.09,0.27,0.48006686568260193,866,4,1233,0.7023519870235199,0.9954022988505747,0.8235853542558251,0.02631578947368421
0.09,0.28,0.48308706283569336,862,4,1233,0.6991078669910786,0.9953810623556582,0.8213434969032873,0.02631578947368421
0.09,0.29,0.4861908257007599,860,4,1233,0.6974858069748581,0.9953703703703703,0.8202193609918932,0.02631578947368421
0.1,0.01,0.3369969129562378,1122,27,1233,0.9099756690997567,0.9765013054830287,0.9420654911838791,0.17763157894736842
0.1,0.02,0.3369969129562378,1122,27,1233,0.9099756690997567,0.9765013054830287,0.9420654911838791,0.17763157894736842
0.1,0.03,0.3401259481906891,1121,24,1233,0.9091646390916464,0.9790393013100437,0.9428090832632463,0.15789473684210525
0.1,0.04,0.3515838384628296,1110,23,1233,0.9002433090024331,0.9796999117387467,0.9382924767540152,0.1513157894736842
0.1,0.05,0.35885384678840637,1100,19,1233,0.8921330089213301,0.9830205540661304,0.9353741496598639,0.125
0.1,0.06,0.3687959909439087,1094,17,1233,0.8872668288726683,0.9846984698469847,0.9334470989761093,0.1118421052631579
0.1,0.07,0.37521296739578247,1079,14,1233,0.8751013787510138,0.9871912168344007,0.9277730008598453,0.09210526315789473
0.1,0.08,0.3830002248287201,1070,12,1233,0.8678021086780211,0.988909426987061,0.9244060475161987,0.07894736842105263
0.1,0.09,0.39082932472229004,1067,10,1233,0.8653690186536902,0.9907149489322191,0.9238095238095237,0.06578947368421052
0.1,0.1,0.3987773358821869,1045,9,1233,0.8475263584752636,0.99146110056926,0.9138609532138172,0.05921052631578947
0.1,0.11,0.4047017991542816,1039,9,1233,0.8426601784266018,0.9914122137404581,0.9110039456378781,0.05921052631578947
0.1,0.12,0.41200897097587585,1030,9,1233,0.8353609083536091,0.9913378248315688,0.9066901408450705,0.05921052631578947
0.1,0.13,0.417283296585083,1013,7,1233,0.8215733982157339,0.9931372549019608,0.8992454505104305,0.046052631578947366
0.1,0.14,0.42354804277420044,1000,6,1233,0.8110300081103001,0.9940357852882704,0.8932559178204557,0.039473684210526314
0.1,0.15,0.4286336898803711,989,6,1233,0.8021086780210868,0.9939698492462311,0.8877917414721722,0.039473684210526314
0.1,0.16,0.43381446599960327,980,6,1233,0.7948094079480941,0.9939148073022313,0.8832807570977919,0.039473684210526314
0.1,0.17,0.43911486864089966,964,6,1233,0.7818329278183292,0.9938144329896907,0.8751702224239672,0.039473684210526314
0.1,0.18,0.44459840655326843,959,5,1233,0.7777777777777778,0.9948132780082988,0.8730086481565772,0.03289473684210526
0.1,0.19,0.4492764174938202,944,5,1233,0.7656123276561233,0.9947312961011591,0.8652612282309807,0.03289473684210526
0.1,0.2,0.45281803607940674,937,5,1233,0.7599351175993512,0.994692144373673,0.8616091954022989,0.03289473684210526
0.1,0.21,0.45662403106689453,928,5,1233,0.7526358475263585,0.9946409431939979,0.8568790397045244,0.03289473684210526
0.1,0.22,0.46143150329589844,917,5,1233,0.7437145174371452,0.9945770065075922,0.8510440835266821,0.03289473684210526
0.1,0.23,0.4650297164916992,906,5,1233,0.7347931873479319,0.9945115257958288,0.8451492537313432,0.03289473684210526
0.1,0.24,0.46998530626296997,893,4,1233,0.7242497972424979,0.9955406911928651,0.8384976525821597,0.02631578947368421
0.1,0.25,0.473291277885437,885,4,1233,0.7177615571776156,0.9955005624296963,0.8341187558906692,0.02631578947368421
0.1,0.26,0.47672128677368164,873,4,1233,0.708029197080292,0.9954389965792474,0.8274881516587678,0.02631578947368421
0.1,0.27,0.48006686568260193,866,4,1233,0.7023519870235199,0.9954022988505747,0.8235853542558251,0.02631578947368421
0.1,0.28,0.48308706283569336,862,4,1233,0.6991078669910786,0.9953810623556582,0.8213434969032873,0.02631578947368421
0.1,0.29,0.4861908257007599,860,4,1233,0.6974858069748581,0.9953703703703703,0.8202193609918932,0.02631578947368421
0.11,0.01,0.3293206989765167,1125,27,1233,0.9124087591240876,0.9765625,0.9433962264150944,0.17763157894736842
0.11,0.02,0.3293206989765167,1125,27,1233,0.9124087591240876,0.9765625,0.9433962264150944,0.17763157894736842
0.11,0.03,0.3401259481906891,1121,24,1233,0.9091646390916464,0.9790393013100437,0.9428090832632463,0.15789473684210525
0.11,0.04,0.3515838384628296,1110,23,1233,0.9002433090024331,0.9796999117387467,0.9382924767540152,0.1513157894736842
0.11,0.05,0.35885384678840637,1100,19,1233,0.8921330089213301,0.9830205540661304,0.9353741496598639,0.125
0.11,0.06,0.3687959909439087,1094,17,1233,0.8872668288726683,0.9846984698469847,0.9334470989761093,0.1118421052631579
0.11,0.07,0.37521296739578247,1079,14,1233,0.8751013787510138,0.9871912168344007,0.9277730008598453,0.09210526315789473
0.11,0.08,0.3830002248287201,1070,12,1233,0.8678021086780211,0.988909426987061,0.9244060475161987,0.07894736842105263
0.11,0.09,0.39082932472229004,1067,10,1233,0.8653690186536902,0.9907149489322191,0.9238095238095237,0.06578947368421052
0.11,0.1,0.3987773358821869,1045,9,1233,0.8475263584752636,0.99146110056926,0.9138609532138172,0.05921052631578947
0.11,0.11,0.4047017991542816,1039,9,1233,0.8426601784266018,0.9914122137404581,0.9110039456378781,0.05921052631578947
0.11,0.12,0.41200897097587585,1030,9,1233,0.8353609083536091,0.9913378248315688,0.9066901408450705,0.05921052631578947
0.11,0.13,0.417283296585083,1013,7,1233,0.8215733982157339,0.9931372549019608,0.8992454505104305,0.046052631578947366
0.11,0.14,0.42354804277420044,1000,6,1233,0.8110300081103001,0.9940357852882704,0.8932559178204557,0.039473684210526314
0.11,0.15,0.4286336898803711,989,6,1233,0.8021086780210868,0.9939698492462311,0.8877917414721722,0.039473684210526314
0.11,0.16,0.43381446599960327,980,6,1233,0.7948094079480941,0.9939148073022313,0.8832807570977919,0.039473684210526314
0.11,0.17,0.43911486864089966,964,6,1233,0.7818329278183292,0.9938144329896907,0.8751702224239672,0.039473684210526314
0.11,0.18,0.44459840655326843,959,5,1233,0.7777777777777778,0.9948132780082988,0.8730086481565772,0.03289473684210526
0.11,0.19,0.4492764174938202,944,5,1233,0.7656123276561233,0.9947312961011591,0.8652612282309807,0.03289473684210526
0.11,0.2,0.45281803607940674,937,5,1233,0.7599351175993512,0.994692144373673,0.8616091954022989,0.03289473684210526
0.11,0.21,0.45662403106689453,928,5,1233,0.7526358475263585,0.9946409431939979,0.8568790397045244,0.03289473684210526
0.11,0.22,0.46143150329589844,917,5,1233,0.7437145174371452,0.9945770065075922,0.8510440835266821,0.03289473684210526
0.11,0.23,0.4650297164916992,906,5,1233,0.7347931873479319,0.9945115257958288,0.8451492537313432,0.03289473684210526
0.11,0.24,0.46998530626296997,893,4,1233,0.7242497972424979,0.9955406911928651,0.8384976525821597,0.02631578947368421
0.11,0.25,0.473291277885437,885,4,1233,0.7177615571776156,0.9955005624296963,0.8341187558906692,0.02631578947368421
0.11,0.26,0.47672128677368164,873,4,1233,0.708029197080292,0.9954389965792474,0.8274881516587678,0.02631578947368421
0.11,0.27,0.48006686568260193,866,4,1233,0.7023519870235199,0.9954022988505747,0.8235853542558251,0.02631578947368421
0.11,0.28,0.48308706283569336,862,4,1233,0.6991078669910786,0.9953810623556582,0.8213434969032873,0.02631578947368421
0.11,0.29,0.4861908257007599,860,4,1233,0.6974858069748581,0.9953703703703703,0.8202193609918932,0.02631578947368421
0.12,0.01,0.32124993205070496,1128,27,1233,0.9148418491484185,0.9766233766233766,0.9447236180904522,0.17763157894736842
0.12,0.02,0.32712268829345703,1125,27,1233,0.9124087591240876,0.9765625,0.9433962264150944,0.17763157894736842
0.12,0.03,0.3401259481906891,1121,24,1233,0.9091646390916464,0.9790393013100437,0.9428090832632463,0.15789473684210525
0.12,0.04,0.3515838384628296,1110,23,1233,0.9002433090024331,0.9796999117387467,0.9382924767540152,0.1513157894736842
0.12,0.05,0.35885384678840637,1100,19,1233,0.8921330089213301,0.9830205540661304,0.9353741496598639,0.125
0.12,0.06,0.3687959909439087,1094,17,1233,0.8872668288726683,0.9846984698469847,0.9334470989761093,0.1118421052631579
0.12,0.07,0.37521296739578247,1079,14,1233,0.8751013787510138,0.9871912168344007,0.9277730008598453,0.09210526315789473
0.12,0.08,0.3830002248287201,1070,12,1233,0.8678021086780211,0.988909426987061,0.9244060475161987,0.07894736842105263
0.12,0.09,0.39082932472229004,1067,10,1233,0.8653690186536902,0.9907149489322191,0.9238095238095237,0.06578947368421052
0.12,0.1,0.3987773358821869,1045,9,1233,0.8475263584752636,0.99146110056926,0.9138609532138172,0.05921052631578947
0.12,0.11,0.4047017991542816,1039,9,1233,0.8426601784266018,0.9914122137404581,0.9110039456378781,0.05921052631578947
0.12,0.12,0.41200897097587585,1030,9,1233,0.8353609083536091,0.9913378248315688,0.9066901408450705,0.05921052631578947
0.12,0.13,0.417283296585083,1013,7,1233,0.8215733982157339,0.9931372549019608,0.8992454505104305,0.046052631578947366
0.12,0.14,0.42354804277420044,1000,6,1233,0.8110300081103001,0.9940357852882704,0.8932559178204557,0.039473684210526314
0.12,0.15,0.4286336898803711,989,6,1233,0.8021086780210868,0.9939698492462311,0.8877917414721722,0.039473684210526314
0.12,0.16,0.43381446599960327,980,6,1233,0.7948094079480941,0.9939148073022313,0.8832807570977919,0.039473684210526314
0.12,0.17,0.43911486864089966,964,6,1233,0.7818329278183292,0.9938144329896907,0.8751702224239672,0.039473684210526314
0.12,0.18,0.44459840655326843,959,5,1233,0.7777777777777778,0.9948132780082988,0.8730086481565772,0.03289473684210526
0.12,0.19,0.4492764174938202,944,5,1233,0.7656123276561233,0.9947312961011591,0.8652612282309807,0.03289473684210526
0.12,0.2,0.45281803607940674,937,5,1233,0.7599351175993512,0.994692144373673,0.8616091954022989,0.03289473684210526
0.12,0.21,0.45662403106689453,928,5,1233,0.7526358475263585,0.9946409431939979,0.8568790397045244,0.03289473684210526
0.12,0.22,0.46143150329589844,917,5,1233,0.7437145174371452,0.9945770065075922,0.8510440835266821,0.03289473684210526
0.12,0.23,0.4650297164916992,906,5,1233,0.7347931873479319,0.9945115257958288,0.8451492537313432,0.03289473684210526
0.12,0.24,0.46998530626296997,893,4,1233,0.7242497972424979,0.9955406911928651,0.8384976525821597,0.02631578947368421
0.12,0.25,0.473291277885437,885,4,1233,0.7177615571776156,0.9955005624296963,0.8341187558906692,0.02631578947368421
0.12,0.26,0.47672128677368164,873,4,1233,0.708029197080292,0.9954389965792474,0.8274881516587678,0.02631578947368421
0.12,0.27,0.48006686568260193,866,4,1233,0.7023519870235199,0.9954022988505747,0.8235853542558251,0.02631578947368421
0.12,0.28,0.48308706283569336,862,4,1233,0.6991078669910786,0.9953810623556582,0.8213434969032873,0.02631578947368421
0.12,0.29,0.4861908257007599,860,4,1233,0.6974858069748581,0.9953703703703703,0.8202193609918932,0.02631578947368421
0.13,0.01,0.31533119082450867,1135,28,1233,0.9205190592051906,0.9759243336199485,0.9474123539232053,0.18421052631578946
0.13,0.02,0.32712268829345703,1125,27,1233,0.9124087591240876,0.9765625,0.9433962264150944,0.17763157894736842
0.13,0.03,0.3401259481906891,1121,24,1233,0.9091646390916464,0.9790393013100437,0.9428090832632463,0.15789473684210525
0.13,0.04,0.3515838384628296,1110,23,1233,0.9002433090024331,0.9796999117387467,0.9382924767540152,0.1513157894736842
0.13,0.05,0.35885384678840637,1100,19,1233,0.8921330089213301,0.9830205540661304,0.9353741496598639,0.125
0.13,0.06,0.3687959909439087,1094,17,1233,0.8872668288726683,0.9846984698469847,0.9334470989761093,0.1118421052631579
0.13,0.07,0.37521296739578247,1079,14,1233,0.8751013787510138,0.9871912168344007,0.9277730008598453,0.09210526315789473
0.13,0.08,0.3830002248287201,1070,12,1233,0.8678021086780211,0.988909426987061,0.9244060475161987,0.07894736842105263
0.13,0.09,0.39082932472229004,1067,10,1233,0.8653690186536902,0.9907149489322191,0.9238095238095237,0.06578947368421052
0.13,0.1,0.3987773358821869,1045,9,1233,0.8475263584752636,0.99146110056926,0.9138609532138172,0.05921052631578947
0.13,0.11,0.4047017991542816,1039,9,1233,0.8426601784266018,0.9914122137404581,0.9110039456378781,0.05921052631578947
0.13,0.12,0.41200897097587585,1030,9,1233,0.8353609083536091,0.9913378248315688,0.9066901408450705,0.05921052631578947
0.13,0.13,0.417283296585083,1013,7,1233,0.8215733982157339,0.9931372549019608,0.8992454505104305,0.046052631578947366
0.13,0.14,0.42354804277420044,1000,6,1233,0.8110300081103001,0.9940357852882704,0.8932559178204557,0.039473684210526314
0.13,0.15,0.4286336898803711,989,6,1233,0.8021086780210868,0.9939698492462311,0.8877917414721722,0.039473684210526314
0.13,0.16,0.43381446599960327,980,6,1233,0.7948094079480941,0.9939148073022313,0.8832807570977919,0.039473684210526314
0.13,0.17,0.43911486864089966,964,6,1233,0.7818329278183292,0.9938144329896907,0.8751702224239672,0.039473684210526314
0.13,0.18,0.44459840655326843,959,5,1233,0.7777777777777778,0.9948132780082988,0.8730086481565772,0.03289473684210526
0.13,0.19,0.4492764174938202,944,5,1233,0.7656123276561233,0.9947312961011591,0.8652612282309807,0.03289473684210526
0.13,0.2,0.45281803607940674,937,5,1233,0.7599351175993512,0.994692144373673,0.8616091954022989,0.03289473684210526
0.13,0.21,0.45662403106689453,928,5,1233,0.7526358475263585,0.9946409431939979,0.8568790397045244,0.03289473684210526
0.13,0.22,0.46143150329589844,917,5,1233,0.7437145174371452,0.9945770065075922,0.8510440835266821,0.03289473684210526
0.13,0.23,0.4650297164916992,906,5,1233,0.7347931873479319,0.9945115257958288,0.8451492537313432,0.03289473684210526
0.13,0.24,0.46998530626296997,893,4,1233,0.7242497972424979,0.9955406911928651,0.8384976525821597,0.02631578947368421
0.13,0.25,0.473291277885437,885,4,1233,0.7177615571776156,0.9955005624296963,0.8341187558906692,0.02631578947368421
0.13,0.26,0.47672128677368164,873,4,1233,0.708029197080292,0.9954389965792474,0.8274881516587678,0.02631578947368421
0.13,0.27,0.48006686568260193,866,4,1233,0.7023519870235199,0.9954022988505747,0.8235853542558251,0.02631578947368421
0.13,0.28,0.48308706283569336,862,4,1233,0.6991078669910786,0.9953810623556582,0.8213434969032873,0.02631578947368421
0.13,0.29,0.4861908257007599,860,4,1233,0.6974858069748581,0.9953703703703703,0.8202193609918932,0.02631578947368421
0.14,0.01,0.3121652901172638,1137,29,1233,0.9221411192214112,0.9751286449399656,0.9478949562317631,0.19078947368421054
0.14,0.02,0.32712268829345703,1125,27,1233,0.9124087591240876,0.9765625,0.9433962264150944,0.17763157894736842
0.14,0.03,0.3401259481906891,1121,24,1233,0.9091646390916464,0.9790393013100437,0.9428090832632463,0.15789473684210525
0.14,0.04,0.3515838384628296,1110,23,1233,0.9002433090024331,0.9796999117387467,0.9382924767540152,0.1513157894736842
0.14,0.05,0.35885384678840637,1100,19,1233,0.8921330089213301,0.9830205540661304,0.9353741496598639,0.125
0.14,0.06,0.3687959909439087,1094,17,1233,0.8872668288726683,0.9846984698469847,0.9334470989761093,0.1118421052631579
0.14,0.07,0.37521296739578247,1079,14,1233,0.8751013787510138,0.9871912168344007,0.9277730008598453,0.09210526315789473
0.14,0.08,0.3830002248287201,1070,12,1233,0.8678021086780211,0.988909426987061,0.9244060475161987,0.07894736842105263
0.14,0.09,0.39082932472229004,1067,10,1233,0.8653690186536902,0.9907149489322191,0.9238095238095237,0.06578947368421052
0.14,0.1,0.3987773358821869,1045,9,1233,0.8475263584752636,0.99146110056926,0.9138609532138172,0.05921052631578947
0.14,0.11,0.4047017991542816,1039,9,1233,0.8426601784266018,0.9914122137404581,0.9110039456378781,0.05921052631578947
0.14,0.12,0.41200897097587585,1030,9,1233,0.8353609083536091,0.9913378248315688,0.9066901408450705,0.05921052631578947
0.14,0.13,0.417283296585083,1013,7,1233,0.8215733982157339,0.9931372549019608,0.8992454505104305,0.046052631578947366
0.14,0.14,0.42354804277420044,1000,6,1233,0.8110300081103001,0.9940357852882704,0.8932559178204557,0.039473684210526314
0.14,0.15,0.4286336898803711,989,6,1233,0.8021086780210868,0.9939698492462311,0.8877917414721722,0.039473684210526314
0.14,0.16,0.43381446599960327,980,6,1233,0.7948094079480941,0.9939148073022313,0.8832807570977919,0.039473684210526314
0.14,0.17,0.43911486864089966,964,6,1233,0.7818329278183292,0.9938144329896907,0.8751702224239672,0.039473684210526314
0.14,0.18,0.44459840655326843,959,5,1233,0.7777777777777778,0.9948132780082988,0.8730086481565772,0.03289473684210526
0.14,0.19,0.4492764174938202,944,5,1233,0.7656123276561233,0.9947312961011591,0.8652612282309807,0.03289473684210526
0.14,0.2,0.45281803607940674,937,5,1233,0.7599351175993512,0.994692144373673,0.8616091954022989,0.03289473684210526
0.14,0.21,0.45662403106689453,928,5,1233,0.7526358475263585,0.9946409431939979,0.8568790397045244,0.03289473684210526
0.14,0.22,0.46143150329589844,917,5,1233,0.7437145174371452,0.9945770065075922,0.8510440835266821,0.03289473684210526
0.14,0.23,0.4650297164916992,906,5,1233,0.7347931873479319,0.9945115257958288,0.8451492537313432,0.03289473684210526
0.14,0.24,0.46998530626296997,893,4,1233,0.7242497972424979,0.9955406911928651,0.8384976525821597,0.02631578947368421
0.14,0.25,0.473291277885437,885,4,1233,0.7177615571776156,0.9955005624296963,0.8341187558906692,0.02631578947368421
0.14,0.26,0.47672128677368164,873,4,1233,0.708029197080292,0.9954389965792474,0.8274881516587678,0.02631578947368421
0.14,0.27,0.48006686568260193,866,4,1233,0.7023519870235199,0.9954022988505747,0.8235853542558251,0.02631578947368421
0.14,0.28,0.48308706283569336,862,4,1233,0.6991078669910786,0.9953810623556582,0.8213434969032873,0.02631578947368421
0.14,0.29,0.4861908257007599,860,4,1233,0.6974858069748581,0.9953703703703703,0.8202193609918932,0.02631578947368421
0.15,0.01,0.3121652901172638,1137,29,1233,0.9221411192214112,0.9751286449399656,0.9478949562317631,0.19078947368421054
0.15,0.02,0.32712268829345703,1125,27,1233,0.9124087591240876,0.9765625,0.9433962264150944,0.17763157894736842
0.15,0.03,0.3401259481906891,1121,24,1233,0.9091646390916464,0.9790393013100437,0.9428090832632463,0.15789473684210525
0.15,0.04,0.3515838384628296,1110,23,1233,0.9002433090024331,0.9796999117387467,0.9382924767540152,0.1513157894736842
0.15,0.05,0.35885384678840637,1100,19,1233,0.8921330089213301,0.9830205540661304,0.9353741496598639,0.125
0.15,0.06,0.3687959909439087,1094,17,1233,0.8872668288726683,0.9846984698469847,0.9334470989761093,0.1118421052631579
0.15,0.07,0.37521296739578247,1079,14,1233,0.8751013787510138,0.9871912168344007,0.9277730008598453,0.09210526315789473
0.15,0.08,0.3830002248287201,1070,12,1233,0.8678021086780211,0.988909426987061,0.9244060475161987,0.07894736842105263
0.15,0.09,0.39082932472229004,1067,10,1233,0.8653690186536902,0.9907149489322191,0.9238095238095237,0.06578947368421052
0.15,0.1,0.3987773358821869,1045,9,1233,0.8475263584752636,0.99146110056926,0.9138609532138172,0.05921052631578947
0.15,0.11,0.4047017991542816,1039,9,1233,0.8426601784266018,0.9914122137404581,0.9110039456378781,0.05921052631578947
0.15,0.12,0.41200897097587585,1030,9,1233,0.8353609083536091,0.9913378248315688,0.9066901408450705,0.05921052631578947
0.15,0.13,0.417283296585083,1013,7,1233,0.8215733982157339,0.9931372549019608,0.8992454505104305,0.046052631578947366
0.15,0.14,0.42354804277420044,1000,6,1233,0.8110300081103001,0.9940357852882704,0.8932559178204557,0.039473684210526314
0.15,0.15,0.4286336898803711,989,6,1233,0.8021086780210868,0.9939698492462311,0.8877917414721722,0.039473684210526314
0.15,0.16,0.43381446599960327,980,6,1233,0.7948094079480941,0.9939148073022313,0.8832807570977919,0.039473684210526314
0.15,0.17,0.43911486864089966,964,6,1233,0.7818329278183292,0.9938144329896907,0.8751702224239672,0.039473684210526314
0.15,0.18,0.44459840655326843,959,5,1233,0.7777777777777778,0.9948132780082988,0.8730086481565772,0.03289473684210526
0.15,0.19,0.4492764174938202,944,5,1233,0.7656123276561233,0.9947312961011591,0.8652612282309807,0.03289473684210526
0.15,0.2,0.45281803607940674,937,5,1233,0.7599351175993512,0.994692144373673,0.8616091954022989,0.03289473684210526
0.15,0.21,0.45662403106689453,928,5,1233,0.7526358475263585,0.9946409431939979,0.8568790397045244,0.03289473684210526
0.15,0.22,0.46143150329589844,917,5,1233,0.7437145174371452,0.9945770065075922,0.8510440835266821,0.03289473684210526
0.15,0.23,0.4650297164916992,906,5,1233,0.7347931873479319,0.9945115257958288,0.8451492537313432,0.03289473684210526
0.15,0.24,0.46998530626296997,893,4,1233,0.7242497972424979,0.9955406911928651,0.8384976525821597,0.02631578947368421
0.15,0.25,0.473291277885437,885,4,1233,0.7177615571776156,0.9955005624296963,0.8341187558906692,0.02631578947368421
0.15,0.26,0.47672128677368164,873,4,1233,0.708029197080292,0.9954389965792474,0.8274881516587678,0.02631578947368421
0.15,0.27,0.48006686568260193,866,4,1233,0.7023519870235199,0.9954022988505747,0.8235853542558251,0.02631578947368421
0.15,0.28,0.48308706283569336,862,4,1233,0.6991078669910786,0.9953810623556582,0.8213434969032873,0.02631578947368421
0.15,0.29,0.4861908257007599,860,4,1233,0.6974858069748581,0.9953703703703703,0.8202193609918932,0.02631578947368421
0.16,0.01,0.3121652901172638,1137,29,1233,0.9221411192214112,0.9751286449399656,0.9478949562317631,0.19078947368421054
0.16,0.02,0.32712268829345703,1125,27,1233,0.9124087591240876,0.9765625,0.9433962264150944,0.17763157894736842
0.16,0.03,0.3401259481906891,1121,24,1233,0.9091646390916464,0.9790393013100437,0.9428090832632463,0.15789473684210525
0.16,0.04,0.3515838384628296,1110,23,1233,0.9002433090024331,0.9796999117387467,0.9382924767540152,0.1513157894736842
0.16,0.05,0.35885384678840637,1100,19,1233,0.8921330089213301,0.9830205540661304,0.9353741496598639,0.125
0.16,0.06,0.3687959909439087,1094,17,1233,0.8872668288726683,0.9846984698469847,0.9334470989761093,0.1118421052631579
0.16,0.07,0.37521296739578247,1079,14,1233,0.8751013787510138,0.9871912168344007,0.9277730008598453,0.09210526315789473
0.16,0.08,0.3830002248287201,1070,12,1233,0.8678021086780211,0.988909426987061,0.9244060475161987,0.07894736842105263
0.16,0.09,0.39082932472229004,1067,10,1233,0.8653690186536902,0.9907149489322191,0.9238095238095237,0.06578947368421052
0.16,0.1,0.3987773358821869,1045,9,1233,0.8475263584752636,0.99146110056926,0.9138609532138172,0.05921052631578947
0.16,0.11,0.4047017991542816,1039,9,1233,0.8426601784266018,0.9914122137404581,0.9110039456378781,0.05921052631578947
0.16,0.12,0.41200897097587585,1030,9,1233,0.8353609083536091,0.9913378248315688,0.9066901408450705,0.05921052631578947
0.16,0.13,0.417283296585083,1013,7,1233,0.8215733982157339,0.9931372549019608,0.8992454505104305,0.046052631578947366
0.16,0.14,0.42354804277420044,1000,6,1233,0.8110300081103001,0.9940357852882704,0.8932559178204557,0.039473684210526314
0.16,0.15,0.4286336898803711,989,6,1233,0.8021086780210868,0.9939698492462311,0.8877917414721722,0.039473684210526314
0.16,0.16,0.43381446599960327,980,6,1233,0.7948094079480941,0.9939148073022313,0.8832807570977919,0.039473684210526314
0.16,0.17,0.43911486864089966,964,6,1233,0.7818329278183292,0.9938144329896907,0.8751702224239672,0.039473684210526314
0.16,0.18,0.44459840655326843,959,5,1233,0.7777777777777778,0.9948132780082988,0.8730086481565772,0.03289473684210526
0.16,0.19,0.4492764174938202,944,5,1233,0.7656123276561233,0.9947312961011591,0.8652612282309807,0.03289473684210526
0.16,0.2,0.45281803607940674,937,5,1233,0.7599351175993512,0.994692144373673,0.8616091954022989,0.03289473684210526
0.16,0.21,0.45662403106689453,928,5,1233,0.7526358475263585,0.9946409431939979,0.8568790397045244,0.03289473684210526
0.16,0.22,0.46143150329589844,917,5,1233,0.7437145174371452,0.9945770065075922,0.8510440835266821,0.03289473684210526
0.16,0.23,0.4650297164916992,906,5,1233,0.7347931873479319,0.9945115257958288,0.8451492537313432,0.03289473684210526
0.16,0.24,0.46998530626296997,893,4,1233,0.7242497972424979,0.9955406911928651,0.8384976525821597,0.02631578947368421
0.16,0.25,0.473291277885437,885,4,1233,0.7177615571776156,0.9955005624296963,0.8341187558906692,0.02631578947368421
0.16,0.26,0.47672128677368164,873,4,1233,0.708029197080292,0.9954389965792474,0.8274881516587678,0.02631578947368421
0.16,0.27,0.48006686568260193,866,4,1233,0.7023519870235199,0.9954022988505747,0.8235853542558251,0.02631578947368421
0.16,0.28,0.48308706283569336,862,4,1233,0.6991078669910786,0.9953810623556582,0.8213434969032873,0.02631578947368421
0.16,0.29,0.4861908257007599,860,4,1233,0.6974858069748581,0.9953703703703703,0.8202193609918932,0.02631578947368421
0.17,0.01,0.3121652901172638,1137,29,1233,0.9221411192214112,0.9751286449399656,0.9478949562317631,0.19078947368421054
0.17,0.02,0.32712268829345703,1125,27,1233,0.9124087591240876,0.9765625,0.9433962264150944,0.17763157894736842
0.17,0.03,0.3401259481906891,1121,24,1233,0.9091646390916464,0.9790393013100437,0.9428090832632463,0.15789473684210525
0.17,0.04,0.3515838384628296,1110,23,1233,0.9002433090024331,0.9796999117387467,0.9382924767540152,0.1513157894736842
0.17,0.05,0.35885384678840637,1100,19,1233,0.8921330089213301,0.9830205540661304,0.9353741496598639,0.125
0.17,0.06,0.3687959909439087,1094,17,1233,0.8872668288726683,0.9846984698469847,0.9334470989761093,0.1118421052631579
0.17,0.07,0.37521296739578247,1079,14,1233,0.8751013787510138,0.9871912168344007,0.9277730008598453,0.09210526315789473
0.17,0.08,0.3830002248287201,1070,12,1233,0.8678021086780211,0.988909426987061,0.9244060475161987,0.07894736842105263
0.17,0.09,0.39082932472229004,1067,10,1233,0.8653690186536902,0.9907149489322191,0.9238095238095237,0.06578947368421052
0.17,0.1,0.3987773358821869,1045,9,1233,0.8475263584752636,0.99146110056926,0.9138609532138172,0.05921052631578947
0.17,0.11,0.4047017991542816,1039,9,1233,0.8426601784266018,0.9914122137404581,0.9110039456378781,0.05921052631578947
0.17,0.12,0.41200897097587585,1030,9,1233,0.8353609083536091,0.9913378248315688,0.9066901408450705,0.05921052631578947
0.17,0.13,0.417283296585083,1013,7,1233,0.8215733982157339,0.9931372549019608,0.8992454505104305,0.046052631578947366
0.17,0.14,0.42354804277420044,1000,6,1233,0.8110300081103001,0.9940357852882704,0.8932559178204557,0.039473684210526314
0.17,0.15,0.4286336898803711,989,6,1233,0.8021086780210868,0.9939698492462311,0.8877917414721722,0.039473684210526314
0.17,0.16,0.43381446599960327,980,6,1233,0.7948094079480941,0.9939148073022313,0.8832807570977919,0.039473684210526314
0.17,0.17,0.43911486864089966,964,6,1233,0.7818329278183292,0.9938144329896907,0.8751702224239672,0.039473684210526314
0.17,0.18,0.44459840655326843,959,5,1233,0.7777777777777778,0.9948132780082988,0.8730086481565772,0.03289473684210526
0.17,0.19,0.4492764174938202,944,5,1233,0.7656123276561233,0.9947312961011591,0.8652612282309807,0.03289473684210526
0.17,0.2,0.45281803607940674,937,5,1233,0.7599351175993512,0.994692144373673,0.8616091954022989,0.03289473684210526
0.17,0.21,0.45662403106689453,928,5,1233,0.7526358475263585,0.9946409431939979,0.8568790397045244,0.03289473684210526
0.17,0.22,0.46143150329589844,917,5,1233,0.7437145174371452,0.9945770065075922,0.8510440835266821,0.03289473684210526
0.17,0.23,0.4650297164916992,906,5,1233,0.7347931873479319,0.9945115257958288,0.8451492537313432,0.03289473684210526
0.17,0.24,0.46998530626296997,893,4,1233,0.7242497972424979,0.9955406911928651,0.8384976525821597,0.02631578947368421
0.17,0.25,0.473291277885437,885,4,1233,0.7177615571776156,0.9955005624296963,0.8341187558906692,0.02631578947368421
0.17,0.26,0.47672128677368164,873,4,1233,0.708029197080292,0.9954389965792474,0.8274881516587678,0.02631578947368421
0.17,0.27,0.48006686568260193,866,4,1233,0.7023519870235199,0.9954022988505747,0.8235853542558251,0.02631578947368421
0.17,0.28,0.48308706283569336,862,4,1233,0.6991078669910786,0.9953810623556582,0.8213434969032873,0.02631578947368421
0.17,0.29,0.4861908257007599,860,4,1233,0.6974858069748581,0.9953703703703703,0.8202193609918932,0.02631578947368421
0.18,0.01,0.3121652901172638,1137,29,1233,0.9221411192214112,0.9751286449399656,0.9478949562317631,0.19078947368421054
0.18,0.02,0.32712268829345703,1125,27,1233,0.9124087591240876,0.9765625,0.9433962264150944,0.17763157894736842
0.18,0.03,0.3401259481906891,1121,24,1233,0.9091646390916464,0.9790393013100437,0.9428090832632463,0.15789473684210525
0.18,0.04,0.3515838384628296,1110,23,1233,0.9002433090024331,0.9796999117387467,0.9382924767540152,0.1513157894736842
0.18,0.05,0.35885384678840637,1100,19,1233,0.8921330089213301,0.9830205540661304,0.9353741496598639,0.125
0.18,0.06,0.3687959909439087,1094,17,1233,0.8872668288726683,0.9846984698469847,0.9334470989761093,0.1118421052631579
0.18,0.07,0.37521296739578247,1079,14,1233,0.8751013787510138,0.9871912168344007,0.9277730008598453,0.09210526315789473
0.18,0.08,0.3830002248287201,1070,12,1233,0.8678021086780211,0.988909426987061,0.9244060475161987,0.07894736842105263
0.18,0.09,0.39082932472229004,1067,10,1233,0.8653690186536902,0.9907149489322191,0.9238095238095237,0.06578947368421052
0.18,0.1,0.3987773358821869,1045,9,1233,0.8475263584752636,0.99146110056926,0.9138609532138172,0.05921052631578947
0.18,0.11,0.4047017991542816,1039,9,1233,0.8426601784266018,0.9914122137404581,0.9110039456378781,0.05921052631578947
0.18,0.12,0.41200897097587585,1030,9,1233,0.8353609083536091,0.9913378248315688,0.9066901408450705,0.05921052631578947
0.18,0.13,0.417283296585083,1013,7,1233,0.8215733982157339,0.9931372549019608,0.8992454505104305,0.046052631578947366
0.18,0.14,0.42354804277420044,1000,6,1233,0.8110300081103001,0.9940357852882704,0.8932559178204557,0.039473684210526314
0.18,0.15,0.4286336898803711,989,6,1233,0.8021086780210868,0.9939698492462311,0.8877917414721722,0.039473684210526314
0.18,0.16,0.43381446599960327,980,6,1233,0.7948094079480941,0.9939148073022313,0.8832807570977919,0.039473684210526314
0.18,0.17,0.43911486864089966,964,6,1233,0.7818329278183292,0.9938144329896907,0.8751702224239672,0.039473684210526314
0.18,0.18,0.44459840655326843,959,5,1233,0.7777777777777778,0.9948132780082988,0.8730086481565772,0.03289473684210526
0.18,0.19,0.4492764174938202,944,5,1233,0.7656123276561233,0.9947312961011591,0.8652612282309807,0.03289473684210526
0.18,0.2,0.45281803607940674,937,5,1233,0.7599351175993512,0.994692144373673,0.8616091954022989,0.03289473684210526
0.18,0.21,0.45662403106689453,928,5,1233,0.7526358475263585,0.9946409431939979,0.8568790397045244,0.03289473684210526
0.18,0.22,0.46143150329589844,917,5,1233,0.7437145174371452,0.9945770065075922,0.8510440835266821,0.03289473684210526
0.18,0.23,0.4650297164916992,906,5,1233,0.7347931873479319,0.9945115257958288,0.8451492537313432,0.03289473684210526
0.18,0.24,0.46998530626296997,893,4,1233,0.7242497972424979,0.9955406911928651,0.8384976525821597,0.02631578947368421
0.18,0.25,0.473291277885437,885,4,1233,0.7177615571776156,0.9955005624296963,0.8341187558906692,0.02631578947368421
0.18,0.26,0.47672128677368164,873,4,1233,0.708029197080292,0.9954389965792474,0.8274881516587678,0.02631578947368421
0.18,0.27,0.48006686568260193,866,4,1233,0.7023519870235199,0.9954022988505747,0.8235853542558251,0.02631578947368421
0.18,0.28,0.48308706283569336,862,4,1233,0.6991078669910786,0.9953810623556582,0.8213434969032873,0.02631578947368421
0.18,0.29,0.4861908257007599,860,4,1233,0.6974858069748581,0.9953703703703703,0.8202193609918932,0.02631578947368421
0.19,0.01,0.3121652901172638,1137,29,1233,0.9221411192214112,0.9751286449399656,0.9478949562317631,0.19078947368421054
0.19,0.02,0.32712268829345703,1125,27,1233,0.9124087591240876,0.9765625,0.9433962264150944,0.17763157894736842
0.19,0.03,0.3401259481906891,1121,24,1233,0.9091646390916464,0.9790393013100437,0.9428090832632463,0.15789473684210525
0.19,0.04,0.3515838384628296,1110,23,1233,0.9002433090024331,0.9796999117387467,0.9382924767540152,0.1513157894736842
0.19,0.05,0.35885384678840637,1100,19,1233,0.8921330089213301,0.9830205540661304,0.9353741496598639,0.125
0.19,0.06,0.3687959909439087,1094,17,1233,0.8872668288726683,0.9846984698469847,0.9334470989761093,0.1118421052631579
0.19,0.07,0.37521296739578247,1079,14,1233,0.8751013787510138,0.9871912168344007,0.9277730008598453,0.09210526315789473
0.19,0.08,0.3830002248287201,1070,12,1233,0.8678021086780211,0.988909426987061,0.9244060475161987,0.07894736842105263
0.19,0.09,0.39082932472229004,1067,10,1233,0.8653690186536902,0.9907149489322191,0.9238095238095237,0.06578947368421052
0.19,0.1,0.3987773358821869,1045,9,1233,0.8475263584752636,0.99146110056926,0.9138609532138172,0.05921052631578947
0.19,0.11,0.4047017991542816,1039,9,1233,0.8426601784266018,0.9914122137404581,0.9110039456378781,0.05921052631578947
0.19,0.12,0.41200897097587585,1030,9,1233,0.8353609083536091,0.9913378248315688,0.9066901408450705,0.05921052631578947
0.19,0.13,0.417283296585083,1013,7,1233,0.8215733982157339,0.9931372549019608,0.8992454505104305,0.046052631578947366
0.19,0.14,0.42354804277420044,1000,6,1233,0.8110300081103001,0.9940357852882704,0.8932559178204557,0.039473684210526314
0.19,0.15,0.4286336898803711,989,6,1233,0.8021086780210868,0.9939698492462311,0.8877917414721722,0.039473684210526314
0.19,0.16,0.43381446599960327,980,6,1233,0.7948094079480941,0.9939148073022313,0.8832807570977919,0.039473684210526314
0.19,0.17,0.43911486864089966,964,6,1233,0.7818329278183292,0.9938144329896907,0.8751702224239672,0.039473684210526314
0.19,0.18,0.44459840655326843,959,5,1233,0.7777777777777778,0.9948132780082988,0.8730086481565772,0.03289473684210526
0.19,0.19,0.4492764174938202,944,5,1233,0.7656123276561233,0.9947312961011591,0.8652612282309807,0.03289473684210526
0.19,0.2,0.45281803607940674,937,5,1233,0.7599351175993512,0.994692144373673,0.8616091954022989,0.03289473684210526
0.19,0.21,0.45662403106689453,928,5,1233,0.7526358475263585,0.9946409431939979,0.8568790397045244,0.03289473684210526
0.19,0.22,0.46143150329589844,917,5,1233,0.7437145174371452,0.9945770065075922,0.8510440835266821,0.03289473684210526
0.19,0.23,0.4650297164916992,906,5,1233,0.7347931873479319,0.9945115257958288,0.8451492537313432,0.03289473684210526
0.19,0.24,0.46998530626296997,893,4,1233,0.7242497972424979,0.9955406911928651,0.8384976525821597,0.02631578947368421
0.19,0.25,0.473291277885437,885,4,1233,0.7177615571776156,0.9955005624296963,0.8341187558906692,0.02631578947368421
0.19,0.26,0.47672128677368164,873,4,1233,0.708029197080292,0.9954389965792474,0.8274881516587678,0.02631578947368421
0.19,0.27,0.48006686568260193,866,4,1233,0.7023519870235199,0.9954022988505747,0.8235853542558251,0.02631578947368421
0.19,0.28,0.48308706283569336,862,4,1233,0.6991078669910786,0.9953810623556582,0.8213434969032873,0.02631578947368421
0.19,0.29,0.4861908257007599,860,4,1233,0.6974858069748581,0.9953703703703703,0.8202193609918932,0.02631578947368421
0.2,0.01,0.3121652901172638,1137,29,1233,0.9221411192214112,0.9751286449399656,0.9478949562317631,0.19078947368421054
0.2,0.02,0.32712268829345703,1125,27,1233,0.9124087591240876,0.9765625,0.9433962264150944,0.17763157894736842
0.2,0.03,0.3401259481906891,1121,24,1233,0.9091646390916464,0.9790393013100437,0.9428090832632463,0.15789473684210525
0.2,0.04,0.3515838384628296,1110,23,1233,0.9002433090024331,0.9796999117387467,0.9382924767540152,0.1513157894736842
0.2,0.05,0.35885384678840637,1100,19,1233,0.8921330089213301,0.9830205540661304,0.9353741496598639,0.125
0.2,0.06,0.3687959909439087,1094,17,1233,0.8872668288726683,0.9846984698469847,0.9334470989761093,0.1118421052631579
0.2,0.07,0.37521296739578247,1079,14,1233,0.8751013787510138,0.9871912168344007,0.9277730008598453,0.09210526315789473
0.2,0.08,0.3830002248287201,1070,12,1233,0.8678021086780211,0.988909426987061,0.9244060475161987,0.07894736842105263
0.2,0.09,0.39082932472229004,1067,10,1233,0.8653690186536902,0.9907149489322191,0.9238095238095237,0.06578947368421052
0.2,0.1,0.3987773358821869,1045,9,1233,0.8475263584752636,0.99146110056926,0.9138609532138172,0.05921052631578947
0.2,0.11,0.4047017991542816,1039,9,1233,0.8426601784266018,0.9914122137404581,0.9110039456378781,0.05921052631578947
0.2,0.12,0.41200897097587585,1030,9,1233,0.8353609083536091,0.9913378248315688,0.9066901408450705,0.05921052631578947
0.2,0.13,0.417283296585083,1013,7,1233,0.8215733982157339,0.9931372549019608,0.8992454505104305,0.046052631578947366
0.2,0.14,0.42354804277420044,1000,6,1233,0.8110300081103001,0.9940357852882704,0.8932559178204557,0.039473684210526314
0.2,0.15,0.4286336898803711,989,6,1233,0.8021086780210868,0.9939698492462311,0.8877917414721722,0.039473684210526314
0.2,0.16,0.43381446599960327,980,6,1233,0.7948094079480941,0.9939148073022313,0.8832807570977919,0.039473684210526314
0.2,0.17,0.43911486864089966,964,6,1233,0.7818329278183292,0.9938144329896907,0.8751702224239672,0.039473684210526314
0.2,0.18,0.44459840655326843,959,5,1233,0.7777777777777778,0.9948132780082988,0.8730086481565772,0.03289473684210526
0.2,0.19,0.4492764174938202,944,5,1233,0.7656123276561233,0.9947312961011591,0.8652612282309807,0.03289473684210526
0.2,0.2,0.45281803607940674,937,5,1233,0.7599351175993512,0.994692144373673,0.8616091954022989,0.03289473684210526
0.2,0.21,0.45662403106689453,928,5,1233,0.7526358475263585,0.9946409431939979,0.8568790397045244,0.03289473684210526
0.2,0.22,0.46143150329589844,917,5,1233,0.7437145174371452,0.9945770065075922,0.8510440835266821,0.03289473684210526
0.2,0.23,0.4650297164916992,906,5,1233,0.7347931873479319,0.9945115257958288,0.8451492537313432,0.03289473684210526
0.2,0.24,0.46998530626296997,893,4,1233,0.7242497972424979,0.9955406911928651,0.8384976525821597,0.02631578947368421
0.2,0.25,0.473291277885437,885,4,1233,0.7177615571776156,0.9955005624296963,0.8341187558906692,0.02631578947368421
0.2,0.26,0.47672128677368164,873,4,1233,0.708029197080292,0.9954389965792474,0.8274881516587678,0.02631578947368421
0.2,0.27,0.48006686568260193,866,4,1233,0.7023519870235199,0.9954022988505747,0.8235853542558251,0.02631578947368421
0.2,0.28,0.48308706283569336,862,4,1233,0.6991078669910786,0.9953810623556582,0.8213434969032873,0.02631578947368421
0.2,0.29,0.4861908257007599,860,4,1233,0.6974858069748581,0.9953703703703703,0.8202193609918932,0.02631578947368421
0.21,0.01,0.3121652901172638,1137,29,1233,0.9221411192214112,0.9751286449399656,0.9478949562317631,0.19078947368421054
0.21,0.02,0.32712268829345703,1125,27,1233,0.9124087591240876,0.9765625,0.9433962264150944,0.17763157894736842
0.21,0.03,0.3401259481906891,1121,24,1233,0.9091646390916464,0.9790393013100437,0.9428090832632463,0.15789473684210525
0.21,0.04,0.3515838384628296,1110,23,1233,0.9002433090024331,0.9796999117387467,0.9382924767540152,0.1513157894736842
0.21,0.05,0.35885384678840637,1100,19,1233,0.8921330089213301,0.9830205540661304,0.9353741496598639,0.125
0.21,0.06,0.3687959909439087,1094,17,1233,0.8872668288726683,0.9846984698469847,0.9334470989761093,0.1118421052631579
0.21,0.07,0.37521296739578247,1079,14,1233,0.8751013787510138,0.9871912168344007,0.9277730008598453,0.09210526315789473
0.21,0.08,0.3830002248287201,1070,12,1233,0.8678021086780211,0.988909426987061,0.9244060475161987,0.07894736842105263
0.21,0.09,0.39082932472229004,1067,10,1233,0.8653690186536902,0.9907149489322191,0.9238095238095237,0.06578947368421052
0.21,0.1,0.3987773358821869,1045,9,1233,0.8475263584752636,0.99146110056926,0.9138609532138172,0.05921052631578947
0.21,0.11,0.4047017991542816,1039,9,1233,0.8426601784266018,0.9914122137404581,0.9110039456378781,0.05921052631578947
0.21,0.12,0.41200897097587585,1030,9,1233,0.8353609083536091,0.9913378248315688,0.9066901408450705,0.05921052631578947
0.21,0.13,0.417283296585083,1013,7,1233,0.8215733982157339,0.9931372549019608,0.8992454505104305,0.046052631578947366
0.21,0.14,0.42354804277420044,1000,6,1233,0.8110300081103001,0.9940357852882704,0.8932559178204557,0.039473684210526314
0.21,0.15,0.4286336898803711,989,6,1233,0.8021086780210868,0.9939698492462311,0.8877917414721722,0.039473684210526314
0.21,0.16,0.43381446599960327,980,6,1233,0.7948094079480941,0.9939148073022313,0.8832807570977919,0.039473684210526314
0.21,0.17,0.43911486864089966,964,6,1233,0.7818329278183292,0.9938144329896907,0.8751702224239672,0.039473684210526314
0.21,0.18,0.44459840655326843,959,5,1233,0.7777777777777778,0.9948132780082988,0.8730086481565772,0.03289473684210526
0.21,0.19,0.4492764174938202,944,5,1233,0.7656123276561233,0.9947312961011591,0.8652612282309807,0.03289473684210526
0.21,0.2,0.45281803607940674,937,5,1233,0.7599351175993512,0.994692144373673,0.8616091954022989,0.03289473684210526
0.21,0.21,0.45662403106689453,928,5,1233,0.7526358475263585,0.9946409431939979,0.8568790397045244,0.03289473684210526
0.21,0.22,0.46143150329589844,917,5,1233,0.7437145174371452,0.9945770065075922,0.8510440835266821,0.03289473684210526
0.21,0.23,0.4650297164916992,906,5,1233,0.7347931873479319,0.9945115257958288,0.8451492537313432,0.03289473684210526
0.21,0.24,0.46998530626296997,893,4,1233,0.7242497972424979,0.9955406911928651,0.8384976525821597,0.02631578947368421
0.21,0.25,0.473291277885437,885,4,1233,0.7177615571776156,0.9955005624296963,0.8341187558906692,0.02631578947368421
0.21,0.26,0.47672128677368164,873,4,1233,0.708029197080292,0.9954389965792474,0.8274881516587678,0.02631578947368421
0.21,0.27,0.48006686568260193,866,4,1233,0.7023519870235199,0.9954022988505747,0.8235853542558251,0.02631578947368421
0.21,0.28,0.48308706283569336,862,4,1233,0.6991078669910786,0.9953810623556582,0.8213434969032873,0.02631578947368421
0.21,0.29,0.4861908257007599,860,4,1233,0.6974858069748581,0.9953703703703703,0.8202193609918932,0.02631578947368421
0.22,0.01,0.3121652901172638,1137,29,1233,0.9221411192214112,0.9751286449399656,0.9478949562317631,0.19078947368421054
0.22,0.02,0.32712268829345703,1125,27,1233,0.9124087591240876,0.9765625,0.9433962264150944,0.17763157894736842
0.22,0.03,0.3401259481906891,1121,24,1233,0.9091646390916464,0.9790393013100437,0.9428090832632463,0.15789473684210525
0.22,0.04,0.3515838384628296,1110,23,1233,0.9002433090024331,0.9796999117387467,0.9382924767540152,0.1513157894736842
0.22,0.05,0.35885384678840637,1100,19,1233,0.8921330089213301,0.9830205540661304,0.9353741496598639,0.125
0.22,0.06,0.3687959909439087,1094,17,1233,0.8872668288726683,0.9846984698469847,0.9334470989761093,0.1118421052631579
0.22,0.07,0.37521296739578247,1079,14,1233,0.8751013787510138,0.9871912168344007,0.9277730008598453,0.09210526315789473
0.22,0.08,0.3830002248287201,1070,12,1233,0.8678021086780211,0.988909426987061,0.9244060475161987,0.07894736842105263
0.22,0.09,0.39082932472229004,1067,10,1233,0.8653690186536902,0.9907149489322191,0.9238095238095237,0.06578947368421052
0.22,0.1,0.3987773358821869,1045,9,1233,0.8475263584752636,0.99146110056926,0.9138609532138172,0.05921052631578947
0.22,0.11,0.4047017991542816,1039,9,1233,0.8426601784266018,0.9914122137404581,0.9110039456378781,0.05921052631578947
0.22,0.12,0.41200897097587585,1030,9,1233,0.8353609083536091,0.9913378248315688,0.9066901408450705,0.05921052631578947
0.22,0.13,0.417283296585083,1013,7,1233,0.8215733982157339,0.9931372549019608,0.8992454505104305,0.046052631578947366
0.22,0.14,0.42354804277420044,1000,6,1233,0.8110300081103001,0.9940357852882704,0.8932559178204557,0.039473684210526314
0.22,0.15,0.4286336898803711,989,6,1233,0.8021086780210868,0.9939698492462311,0.8877917414721722,0.039473684210526314
0.22,0.16,0.43381446599960327,980,6,1233,0.7948094079480941,0.9939148073022313,0.8832807570977919,0.039473684210526314
0.22,0.17,0.43911486864089966,964,6,1233,0.7818329278183292,0.9938144329896907,0.8751702224239672,0.039473684210526314
0.22,0.18,0.44459840655326843,959,5,1233,0.7777777777777778,0.9948132780082988,0.8730086481565772,0.03289473684210526
0.22,0.19,0.4492764174938202,944,5,1233,0.7656123276561233,0.9947312961011591,0.8652612282309807,0.03289473684210526
0.22,0.2,0.45281803607940674,937,5,1233,0.7599351175993512,0.994692144373673,0.8616091954022989,0.03289473684210526
0.22,0.21,0.45662403106689453,928,5,1233,0.7526358475263585,0.9946409431939979,0.8568790397045244,0.03289473684210526
0.22,0.22,0.46143150329589844,917,5,1233,0.7437145174371452,0.9945770065075922,0.8510440835266821,0.03289473684210526
0.22,0.23,0.4650297164916992,906,5,1233,0.7347931873479319,0.9945115257958288,0.8451492537313432,0.03289473684210526
0.22,0.24,0.46998530626296997,893,4,1233,0.7242497972424979,0.9955406911928651,0.8384976525821597,0.02631578947368421
0.22,0.25,0.473291277885437,885,4,1233,0.7177615571776156,0.9955005624296963,0.8341187558906692,0.02631578947368421
0.22,0.26,0.47672128677368164,873,4,1233,0.708029197080292,0.9954389965792474,0.8274881516587678,0.02631578947368421
0.22,0.27,0.48006686568260193,866,4,1233,0.7023519870235199,0.9954022988505747,0.8235853542558251,0.02631578947368421
0.22,0.28,0.48308706283569336,862,4,1233,0.6991078669910786,0.9953810623556582,0.8213434969032873,0.02631578947368421
0.22,0.29,0.4861908257007599,860,4,1233,0.6974858069748581,0.9953703703703703,0.8202193609918932,0.02631578947368421
0.23,0.01,0.3121652901172638,1137,29,1233,0.9221411192214112,0.9751286449399656,0.9478949562317631,0.19078947368421054
0.23,0.02,0.32712268829345703,1125,27,1233,0.9124087591240876,0.9765625,0.9433962264150944,0.17763157894736842
0.23,0.03,0.3401259481906891,1121,24,1233,0.9091646390916464,0.9790393013100437,0.9428090832632463,0.15789473684210525
0.23,0.04,0.3515838384628296,1110,23,1233,0.9002433090024331,0.9796999117387467,0.9382924767540152,0.1513157894736842
0.23,0.05,0.35885384678840637,1100,19,1233,0.8921330089213301,0.9830205540661304,0.9353741496598639,0.125
0.23,0.06,0.3687959909439087,1094,17,1233,0.8872668288726683,0.9846984698469847,0.9334470989761093,0.1118421052631579
0.23,0.07,0.37521296739578247,1079,14,1233,0.8751013787510138,0.9871912168344007,0.9277730008598453,0.09210526315789473
0.23,0.08,0.3830002248287201,1070,12,1233,0.8678021086780211,0.988909426987061,0.9244060475161987,0.07894736842105263
0.23,0.09,0.39082932472229004,1067,10,1233,0.8653690186536902,0.9907149489322191,0.9238095238095237,0.06578947368421052
0.23,0.1,0.3987773358821869,1045,9,1233,0.8475263584752636,0.99146110056926,0.9138609532138172,0.05921052631578947
0.23,0.11,0.4047017991542816,1039,9,1233,0.8426601784266018,0.9914122137404581,0.9110039456378781,0.05921052631578947
0.23,0.12,0.41200897097587585,1030,9,1233,0.8353609083536091,0.9913378248315688,0.9066901408450705,0.05921052631578947
0.23,0.13,0.417283296585083,1013,7,1233,0.8215733982157339,0.9931372549019608,0.8992454505104305,0.046052631578947366
0.23,0.14,0.42354804277420044,1000,6,1233,0.8110300081103001,0.9940357852882704,0.8932559178204557,0.039473684210526314
0.23,0.15,0.4286336898803711,989,6,1233,0.8021086780210868,0.9939698492462311,0.8877917414721722,0.039473684210526314
0.23,0.16,0.43381446599960327,980,6,1233,0.7948094079480941,0.9939148073022313,0.8832807570977919,0.039473684210526314
0.23,0.17,0.43911486864089966,964,6,1233,0.7818329278183292,0.9938144329896907,0.8751702224239672,0.039473684210526314
0.23,0.18,0.44459840655326843,959,5,1233,0.7777777777777778,0.9948132780082988,0.8730086481565772,0.03289473684210526
0.23,0.19,0.4492764174938202,944,5,1233,0.7656123276561233,0.9947312961011591,0.8652612282309807,0.03289473684210526
0.23,0.2,0.45281803607940674,937,5,1233,0.7599351175993512,0.994692144373673,0.8616091954022989,0.03289473684210526
0.23,0.21,0.45662403106689453,928,5,1233,0.7526358475263585,0.9946409431939979,0.8568790397045244,0.03289473684210526
0.23,0.22,0.46143150329589844,917,5,1233,0.7437145174371452,0.9945770065075922,0.8510440835266821,0.03289473684210526
0.23,0.23,0.4650297164916992,906,5,1233,0.7347931873479319,0.9945115257958288,0.8451492537313432,0.03289473684210526
0.23,0.24,0.46998530626296997,893,4,1233,0.7242497972424979,0.9955406911928651,0.8384976525821597,0.02631578947368421
0.23,0.25,0.473291277885437,885,4,1233,0.7177615571776156,0.9955005624296963,0.8341187558906692,0.02631578947368421
0.23,0.26,0.47672128677368164,873,4,1233,0.708029197080292,0.9954389965792474,0.8274881516587678,0.02631578947368421
0.23,0.27,0.48006686568260193,866,4,1233,0.7023519870235199,0.9954022988505747,0.8235853542558251,0.02631578947368421
0.23,0.28,0.48308706283569336,862,4,1233,0.6991078669910786,0.9953810623556582,0.8213434969032873,0.02631578947368421
0.23,0.29,0.4861908257007599,860,4,1233,0.6974858069748581,0.9953703703703703,0.8202193609918932,0.02631578947368421
0.24,0.01,0.3121652901172638,1137,29,1233,0.9221411192214112,0.9751286449399656,0.9478949562317631,0.19078947368421054
0.24,0.02,0.32712268829345703,1125,27,1233,0.9124087591240876,0.9765625,0.9433962264150944,0.17763157894736842
0.24,0.03,0.3401259481906891,1121,24,1233,0.9091646390916464,0.9790393013100437,0.9428090832632463,0.15789473684210525
0.24,0.04,0.3515838384628296,1110,23,1233,0.9002433090024331,0.9796999117387467,0.9382924767540152,0.1513157894736842
0.24,0.05,0.35885384678840637,1100,19,1233,0.8921330089213301,0.9830205540661304,0.9353741496598639,0.125
0.24,0.06,0.3687959909439087,1094,17,1233,0.8872668288726683,0.9846984698469847,0.9334470989761093,0.1118421052631579
0.24,0.07,0.37521296739578247,1079,14,1233,0.8751013787510138,0.9871912168344007,0.9277730008598453,0.09210526315789473
0.24,0.08,0.3830002248287201,1070,12,1233,0.8678021086780211,0.988909426987061,0.9244060475161987,0.07894736842105263
0.24,0.09,0.39082932472229004,1067,10,1233,0.8653690186536902,0.9907149489322191,0.9238095238095237,0.06578947368421052
0.24,0.1,0.3987773358821869,1045,9,1233,0.8475263584752636,0.99146110056926,0.9138609532138172,0.05921052631578947
0.24,0.11,0.4047017991542816,1039,9,1233,0.8426601784266018,0.9914122137404581,0.9110039456378781,0.05921052631578947
0.24,0.12,0.41200897097587585,1030,9,1233,0.8353609083536091,0.9913378248315688,0.9066901408450705,0.05921052631578947
0.24,0.13,0.417283296585083,1013,7,1233,0.8215733982157339,0.9931372549019608,0.8992454505104305,0.046052631578947366
0.24,0.14,0.42354804277420044,1000,6,1233,0.8110300081103001,0.9940357852882704,0.8932559178204557,0.039473684210526314
0.24,0.15,0.4286336898803711,989,6,1233,0.8021086780210868,0.9939698492462311,0.8877917414721722,0.039473684210526314
0.24,0.16,0.43381446599960327,980,6,1233,0.7948094079480941,0.9939148073022313,0.8832807570977919,0.039473684210526314
0.24,0.17,0.43911486864089966,964,6,1233,0.7818329278183292,0.9938144329896907,0.8751702224239672,0.039473684210526314
0.24,0.18,0.44459840655326843,959,5,1233,0.7777777777777778,0.9948132780082988,0.8730086481565772,0.03289473684210526
0.24,0.19,0.4492764174938202,944,5,1233,0.7656123276561233,0.9947312961011591,0.8652612282309807,0.03289473684210526
0.24,0.2,0.45281803607940674,937,5,1233,0.7599351175993512,0.994692144373673,0.8616091954022989,0.03289473684210526
0.24,0.21,0.45662403106689453,928,5,1233,0.7526358475263585,0.9946409431939979,0.8568790397045244,0.03289473684210526
0.24,0.22,0.46143150329589844,917,5,1233,0.7437145174371452,0.9945770065075922,0.8510440835266821,0.03289473684210526
0.24,0.23,0.4650297164916992,906,5,1233,0.7347931873479319,0.9945115257958288,0.8451492537313432,0.03289473684210526
0.24,0.24,0.46998530626296997,893,4,1233,0.7242497972424979,0.9955406911928651,0.8384976525821597,0.02631578947368421
0.24,0.25,0.473291277885437,885,4,1233,0.7177615571776156,0.9955005624296963,0.8341187558906692,0.02631578947368421
0.24,0.26,0.47672128677368164,873,4,1233,0.708029197080292,0.9954389965792474,0.8274881516587678,0.02631578947368421
0.24,0.27,0.48006686568260193,866,4,1233,0.7023519870235199,0.9954022988505747,0.8235853542558251,0.02631578947368421
0.24,0.28,0.48308706283569336,862,4,1233,0.6991078669910786,0.9953810623556582,0.8213434969032873,0.02631578947368421
0.24,0.29,0.4861908257007599,860,4,1233,0.6974858069748581,0.9953703703703703,0.8202193609918932,0.02631578947368421
0.25,0.01,0.3121652901172638,1137,29,1233,0.9221411192214112,0.9751286449399656,0.9478949562317631,0.19078947368421054
0.25,0.02,0.32712268829345703,1125,27,1233,0.9124087591240876,0.9765625,0.9433962264150944,0.17763157894736842
0.25,0.03,0.3401259481906891,1121,24,1233,0.9091646390916464,0.9790393013100437,0.9428090832632463,0.15789473684210525
0.25,0.04,0.3515838384628296,1110,23,1233,0.9002433090024331,0.9796999117387467,0.9382924767540152,0.1513157894736842
0.25,0.05,0.35885384678840637,1100,19,1233,0.8921330089213301,0.9830205540661304,0.9353741496598639,0.125
0.25,0.06,0.3687959909439087,1094,17,1233,0.8872668288726683,0.9846984698469847,0.9334470989761093,0.1118421052631579
0.25,0.07,0.37521296739578247,1079,14,1233,0.8751013787510138,0.9871912168344007,0.9277730008598453,0.09210526315789473
0.25,0.08,0.3830002248287201,1070,12,1233,0.8678021086780211,0.988909426987061,0.9244060475161987,0.07894736842105263
0.25,0.09,0.39082932472229004,1067,10,1233,0.8653690186536902,0.9907149489322191,0.9238095238095237,0.06578947368421052
0.25,0.1,0.3987773358821869,1045,9,1233,0.8475263584752636,0.99146110056926,0.9138609532138172,0.05921052631578947
0.25,0.11,0.4047017991542816,1039,9,1233,0.8426601784266018,0.9914122137404581,0.9110039456378781,0.05921052631578947
0.25,0.12,0.41200897097587585,1030,9,1233,0.8353609083536091,0.9913378248315688,0.9066901408450705,0.05921052631578947
0.25,0.13,0.417283296585083,1013,7,1233,0.8215733982157339,0.9931372549019608,0.8992454505104305,0.046052631578947366
0.25,0.14,0.42354804277420044,1000,6,1233,0.8110300081103001,0.9940357852882704,0.8932559178204557,0.039473684210526314
0.25,0.15,0.4286336898803711,989,6,1233,0.8021086780210868,0.9939698492462311,0.8877917414721722,0.039473684210526314
0.25,0.16,0.43381446599960327,980,6,1233,0.7948094079480941,0.9939148073022313,0.8832807570977919,0.039473684210526314
0.25,0.17,0.43911486864089966,964,6,1233,0.7818329278183292,0.9938144329896907,0.8751702224239672,0.039473684210526314
0.25,0.18,0.44459840655326843,959,5,1233,0.7777777777777778,0.9948132780082988,0.8730086481565772,0.03289473684210526
0.25,0.19,0.4492764174938202,944,5,1233,0.7656123276561233,0.9947312961011591,0.8652612282309807,0.03289473684210526
0.25,0.2,0.45281803607940674,937,5,1233,0.7599351175993512,0.994692144373673,0.8616091954022989,0.03289473684210526
0.25,0.21,0.45662403106689453,928,5,1233,0.7526358475263585,0.9946409431939979,0.8568790397045244,0.03289473684210526
0.25,0.22,0.46143150329589844,917,5,1233,0.7437145174371452,0.9945770065075922,0.8510440835266821,0.03289473684210526
0.25,0.23,0.4650297164916992,906,5,1233,0.7347931873479319,0.9945115257958288,0.8451492537313432,0.03289473684210526
0.25,0.24,0.46998530626296997,893,4,1233,0.7242497972424979,0.9955406911928651,0.8384976525821597,0.02631578947368421
0.25,0.25,0.473291277885437,885,4,1233,0.7177615571776156,0.9955005624296963,0.8341187558906692,0.02631578947368421
0.25,0.26,0.47672128677368164,873,4,1233,0.708029197080292,0.9954389965792474,0.8274881516587678,0.02631578947368421
0.25,0.27,0.48006686568260193,866,4,1233,0.7023519870235199,0.9954022988505747,0.8235853542558251,0.02631578947368421
0.25,0.28,0.48308706283569336,862,4,1233,0.6991078669910786,0.9953810623556582,0.8213434969032873,0.02631578947368421
0.25,0.29,0.4861908257007599,860,4,1233,0.6974858069748581,0.9953703703703703,0.8202193609918932,0.02631578947368421
0.26,0.01,0.3121652901172638,1137,29,1233,0.9221411192214112,0.9751286449399656,0.9478949562317631,0.19078947368421054
0.26,0.02,0.32712268829345703,1125,27,1233,0.9124087591240876,0.9765625,0.9433962264150944,0.17763157894736842
0.26,0.03,0.3401259481906891,1121,24,1233,0.9091646390916464,0.9790393013100437,0.9428090832632463,0.15789473684210525
0.26,0.04,0.3515838384628296,1110,23,1233,0.9002433090024331,0.9796999117387467,0.9382924767540152,0.1513157894736842
0.26,0.05,0.35885384678840637,1100,19,1233,0.8921330089213301,0.9830205540661304,0.9353741496598639,0.125
0.26,0.06,0.3687959909439087,1094,17,1233,0.8872668288726683,0.9846984698469847,0.9334470989761093,0.1118421052631579
0.26,0.07,0.37521296739578247,1079,14,1233,0.8751013787510138,0.9871912168344007,0.9277730008598453,0.09210526315789473
0.26,0.08,0.3830002248287201,1070,12,1233,0.8678021086780211,0.988909426987061,0.9244060475161987,0.07894736842105263
0.26,0.09,0.39082932472229004,1067,10,1233,0.8653690186536902,0.9907149489322191,0.9238095238095237,0.06578947368421052
0.26,0.1,0.3987773358821869,1045,9,1233,0.8475263584752636,0.99146110056926,0.9138609532138172,0.05921052631578947
0.26,0.11,0.4047017991542816,1039,9,1233,0.8426601784266018,0.9914122137404581,0.9110039456378781,0.05921052631578947
0.26,0.12,0.41200897097587585,1030,9,1233,0.8353609083536091,0.9913378248315688,0.9066901408450705,0.05921052631578947
0.26,0.13,0.417283296585083,1013,7,1233,0.8215733982157339,0.9931372549019608,0.8992454505104305,0.046052631578947366
0.26,0.14,0.42354804277420044,1000,6,1233,0.8110300081103001,0.9940357852882704,0.8932559178204557,0.039473684210526314
0.26,0.15,0.4286336898803711,989,6,1233,0.8021086780210868,0.9939698492462311,0.8877917414721722,0.039473684210526314
0.26,0.16,0.43381446599960327,980,6,1233,0.7948094079480941,0.9939148073022313,0.8832807570977919,0.039473684210526314
0.26,0.17,0.43911486864089966,964,6,1233,0.7818329278183292,0.9938144329896907,0.8751702224239672,0.039473684210526314
0.26,0.18,0.44459840655326843,959,5,1233,0.7777777777777778,0.9948132780082988,0.8730086481565772,0.03289473684210526
0.26,0.19,0.4492764174938202,944,5,1233,0.7656123276561233,0.9947312961011591,0.8652612282309807,0.03289473684210526
0.26,0.2,0.45281803607940674,937,5,1233,0.7599351175993512,0.994692144373673,0.8616091954022989,0.03289473684210526
0.26,0.21,0.45662403106689453,928,5,1233,0.7526358475263585,0.9946409431939979,0.8568790397045244,0.03289473684210526
0.26,0.22,0.46143150329589844,917,5,1233,0.7437145174371452,0.9945770065075922,0.8510440835266821,0.03289473684210526
0.26,0.23,0.4650297164916992,906,5,1233,0.7347931873479319,0.9945115257958288,0.8451492537313432,0.03289473684210526
0.26,0.24,0.46998530626296997,893,4,1233,0.7242497972424979,0.9955406911928651,0.8384976525821597,0.02631578947368421
0.26,0.25,0.473291277885437,885,4,1233,0.7177615571776156,0.9955005624296963,0.8341187558906692,0.02631578947368421
0.26,0.26,0.47672128677368164,873,4,1233,0.708029197080292,0.9954389965792474,0.8274881516587678,0.02631578947368421
0.26,0.27,0.48006686568260193,866,4,1233,0.7023519870235199,0.9954022988505747,0.8235853542558251,0.02631578947368421
0.26,0.28,0.48308706283569336,862,4,1233,0.6991078669910786,0.9953810623556582,0.8213434969032873,0.02631578947368421
0.26,0.29,0.4861908257007599,860,4,1233,0.6974858069748581,0.9953703703703703,0.8202193609918932,0.02631578947368421
0.27,0.01,0.3121652901172638,1137,29,1233,0.9221411192214112,0.9751286449399656,0.9478949562317631,0.19078947368421054
0.27,0.02,0.32712268829345703,1125,27,1233,0.9124087591240876,0.9765625,0.9433962264150944,0.17763157894736842
0.27,0.03,0.3401259481906891,1121,24,1233,0.9091646390916464,0.9790393013100437,0.9428090832632463,0.15789473684210525
0.27,0.04,0.3515838384628296,1110,23,1233,0.9002433090024331,0.9796999117387467,0.9382924767540152,0.1513157894736842
0.27,0.05,0.35885384678840637,1100,19,1233,0.8921330089213301,0.9830205540661304,0.9353741496598639,0.125
0.27,0.06,0.3687959909439087,1094,17,1233,0.8872668288726683,0.9846984698469847,0.9334470989761093,0.1118421052631579
0.27,0.07,0.37521296739578247,1079,14,1233,0.8751013787510138,0.9871912168344007,0.9277730008598453,0.09210526315789473
0.27,0.08,0.3830002248287201,1070,12,1233,0.8678021086780211,0.988909426987061,0.9244060475161987,0.07894736842105263
0.27,0.09,0.39082932472229004,1067,10,1233,0.8653690186536902,0.9907149489322191,0.9238095238095237,0.06578947368421052
0.27,0.1,0.3987773358821869,1045,9,1233,0.8475263584752636,0.99146110056926,0.9138609532138172,0.05921052631578947
0.27,0.11,0.4047017991542816,1039,9,1233,0.8426601784266018,0.9914122137404581,0.9110039456378781,0.05921052631578947
0.27,0.12,0.41200897097587585,1030,9,1233,0.8353609083536091,0.9913378248315688,0.9066901408450705,0.05921052631578947
0.27,0.13,0.417283296585083,1013,7,1233,0.8215733982157339,0.9931372549019608,0.8992454505104305,0.046052631578947366
0.27,0.14,0.42354804277420044,1000,6,1233,0.8110300081103001,0.9940357852882704,0.8932559178204557,0.039473684210526314
0.27,0.15,0.4286336898803711,989,6,1233,0.8021086780210868,0.9939698492462311,0.8877917414721722,0.039473684210526314
0.27,0.16,0.43381446599960327,980,6,1233,0.7948094079480941,0.9939148073022313,0.8832807570977919,0.039473684210526314
0.27,0.17,0.43911486864089966,964,6,1233,0.7818329278183292,0.9938144329896907,0.8751702224239672,0.039473684210526314
0.27,0.18,0.44459840655326843,959,5,1233,0.7777777777777778,0.9948132780082988,0.8730086481565772,0.03289473684210526
0.27,0.19,0.4492764174938202,944,5,1233,0.7656123276561233,0.9947312961011591,0.8652612282309807,0.03289473684210526
0.27,0.2,0.45281803607940674,937,5,1233,0.7599351175993512,0.994692144373673,0.8616091954022989,0.03289473684210526
0.27,0.21,0.45662403106689453,928,5,1233,0.7526358475263585,0.9946409431939979,0.8568790397045244,0.03289473684210526
0.27,0.22,0.46143150329589844,917,5,1233,0.7437145174371452,0.9945770065075922,0.8510440835266821,0.03289473684210526
0.27,0.23,0.4650297164916992,906,5,1233,0.7347931873479319,0.9945115257958288,0.8451492537313432,0.03289473684210526
0.27,0.24,0.46998530626296997,893,4,1233,0.7242497972424979,0.9955406911928651,0.8384976525821597,0.02631578947368421
0.27,0.25,0.473291277885437,885,4,1233,0.7177615571776156,0.9955005624296963,0.8341187558906692,0.02631578947368421
0.27,0.26,0.47672128677368164,873,4,1233,0.708029197080292,0.9954389965792474,0.8274881516587678,0.02631578947368421
0.27,0.27,0.48006686568260193,866,4,1233,0.7023519870235199,0.9954022988505747,0.8235853542558251,0.02631578947368421
0.27,0.28,0.48308706283569336,862,4,1233,0.6991078669910786,0.9953810623556582,0.8213434969032873,0.02631578947368421
0.27,0.29,0.4861908257007599,860,4,1233,0.6974858069748581,0.9953703703703703,0.8202193609918932,0.02631578947368421
0.28,0.01,0.3121652901172638,1137,29,1233,0.9221411192214112,0.9751286449399656,0.9478949562317631,0.19078947368421054
0.28,0.02,0.32712268829345703,1125,27,1233,0.9124087591240876,0.9765625,0.9433962264150944,0.17763157894736842
0.28,0.03,0.3401259481906891,1121,24,1233,0.9091646390916464,0.9790393013100437,0.9428090832632463,0.15789473684210525
0.28,0.04,0.3515838384628296,1110,23,1233,0.9002433090024331,0.9796999117387467,0.9382924767540152,0.1513157894736842
0.28,0.05,0.35885384678840637,1100,19,1233,0.8921330089213301,0.9830205540661304,0.9353741496598639,0.125
0.28,0.06,0.3687959909439087,1094,17,1233,0.8872668288726683,0.9846984698469847,0.9334470989761093,0.1118421052631579
0.28,0.07,0.37521296739578247,1079,14,1233,0.8751013787510138,0.9871912168344007,0.9277730008598453,0.09210526315789473
0.28,0.08,0.3830002248287201,1070,12,1233,0.8678021086780211,0.988909426987061,0.9244060475161987,0.07894736842105263
0.28,0.09,0.39082932472229004,1067,10,1233,0.8653690186536902,0.9907149489322191,0.9238095238095237,0.06578947368421052
0.28,0.1,0.3987773358821869,1045,9,1233,0.8475263584752636,0.99146110056926,0.9138609532138172,0.05921052631578947
0.28,0.11,0.4047017991542816,1039,9,1233,0.8426601784266018,0.9914122137404581,0.9110039456378781,0.05921052631578947
0.28,0.12,0.41200897097587585,1030,9,1233,0.8353609083536091,0.9913378248315688,0.9066901408450705,0.05921052631578947
0.28,0.13,0.417283296585083,1013,7,1233,0.8215733982157339,0.9931372549019608,0.8992454505104305,0.046052631578947366
0.28,0.14,0.42354804277420044,1000,6,1233,0.8110300081103001,0.9940357852882704,0.8932559178204557,0.039473684210526314
0.28,0.15,0.4286336898803711,989,6,1233,0.8021086780210868,0.9939698492462311,0.8877917414721722,0.039473684210526314
0.28,0.16,0.43381446599960327,980,6,1233,0.7948094079480941,0.9939148073022313,0.8832807570977919,0.039473684210526314
0.28,0.17,0.43911486864089966,964,6,1233,0.7818329278183292,0.9938144329896907,0.8751702224239672,0.039473684210526314
0.28,0.18,0.44459840655326843,959,5,1233,0.7777777777777778,0.9948132780082988,0.8730086481565772,0.03289473684210526
0.28,0.19,0.4492764174938202,944,5,1233,0.7656123276561233,0.9947312961011591,0.8652612282309807,0.03289473684210526
0.28,0.2,0.45281803607940674,937,5,1233,0.7599351175993512,0.994692144373673,0.8616091954022989,0.03289473684210526
0.28,0.21,0.45662403106689453,928,5,1233,0.7526358475263585,0.9946409431939979,0.8568790397045244,0.03289473684210526
0.28,0.22,0.46143150329589844,917,5,1233,0.7437145174371452,0.9945770065075922,0.8510440835266821,0.03289473684210526
0.28,0.23,0.4650297164916992,906,5,1233,0.7347931873479319,0.9945115257958288,0.8451492537313432,0.03289473684210526
0.28,0.24,0.46998530626296997,893,4,1233,0.7242497972424979,0.9955406911928651,0.8384976525821597,0.02631578947368421
0.28,0.25,0.473291277885437,885,4,1233,0.7177615571776156,0.9955005624296963,0.8341187558906692,0.02631578947368421
0.28,0.26,0.47672128677368164,873,4,1233,0.708029197080292,0.9954389965792474,0.8274881516587678,0.02631578947368421
0.28,0.27,0.48006686568260193,866,4,1233,0.7023519870235199,0.9954022988505747,0.8235853542558251,0.02631578947368421
0.28,0.28,0.48308706283569336,862,4,1233,0.6991078669910786,0.9953810623556582,0.8213434969032873,0.02631578947368421
0.28,0.29,0.4861908257007599,860,4,1233,0.6974858069748581,0.9953703703703703,0.8202193609918932,0.02631578947368421
0.29,0.01,0.3121652901172638,1137,29,1233,0.9221411192214112,0.9751286449399656,0.9478949562317631,0.19078947368421054
0.29,0.02,0.32712268829345703,1125,27,1233,0.9124087591240876,0.9765625,0.9433962264150944,0.17763157894736842
0.29,0.03,0.3401259481906891,1121,24,1233,0.9091646390916464,0.9790393013100437,0.9428090832632463,0.15789473684210525
0.29,0.04,0.3515838384628296,1110,23,1233,0.9002433090024331,0.9796999117387467,0.9382924767540152,0.1513157894736842
0.29,0.05,0.35885384678840637,1100,19,1233,0.8921330089213301,0.9830205540661304,0.9353741496598639,0.125
0.29,0.06,0.3687959909439087,1094,17,1233,0.8872668288726683,0.9846984698469847,0.9334470989761093,0.1118421052631579
0.29,0.07,0.37521296739578247,1079,14,1233,0.8751013787510138,0.9871912168344007,0.9277730008598453,0.09210526315789473
0.29,0.08,0.3830002248287201,1070,12,1233,0.8678021086780211,0.988909426987061,0.9244060475161987,0.07894736842105263
0.29,0.09,0.39082932472229004,1067,10,1233,0.8653690186536902,0.9907149489322191,0.9238095238095237,0.06578947368421052
0.29,0.1,0.3987773358821869,1045,9,1233,0.8475263584752636,0.99146110056926,0.9138609532138172,0.05921052631578947
0.29,0.11,0.4047017991542816,1039,9,1233,0.8426601784266018,0.9914122137404581,0.9110039456378781,0.05921052631578947
0.29,0.12,0.41200897097587585,1030,9,1233,0.8353609083536091,0.9913378248315688,0.9066901408450705,0.05921052631578947
0.29,0.13,0.417283296585083,1013,7,1233,0.8215733982157339,0.9931372549019608,0.8992454505104305,0.046052631578947366
0.29,0.14,0.42354804277420044,1000,6,1233,0.8110300081103001,0.9940357852882704,0.8932559178204557,0.039473684210526314
0.29,0.15,0.4286336898803711,989,6,1233,0.8021086780210868,0.9939698492462311,0.8877917414721722,0.039473684210526314
0.29,0.16,0.43381446599960327,980,6,1233,0.7948094079480941,0.9939148073022313,0.8832807570977919,0.039473684210526314
0.29,0.17,0.43911486864089966,964,6,1233,0.7818329278183292,0.9938144329896907,0.8751702224239672,0.039473684210526314
0.29,0.18,0.44459840655326843,959,5,1233,0.7777777777777778,0.9948132780082988,0.8730086481565772,0.03289473684210526
0.29,0.19,0.4492764174938202,944,5,1233,0.7656123276561233,0.9947312961011591,0.8652612282309807,0.03289473684210526
0.29,0.2,0.45281803607940674,937,5,1233,0.7599351175993512,0.994692144373673,0.8616091954022989,0.03289473684210526
0.29,0.21,0.45662403106689453,928,5,1233,0.7526358475263585,0.9946409431939979,0.8568790397045244,0.03289473684210526
0.29,0.22,0.46143150329589844,917,5,1233,0.7437145174371452,0.9945770065075922,0.8510440835266821,0.03289473684210526
0.29,0.23,0.4650297164916992,906,5,1233,0.7347931873479319,0.9945115257958288,0.8451492537313432,0.03289473684210526
0.29,0.24,0.46998530626296997,893,4,1233,0.7242497972424979,0.9955406911928651,0.8384976525821597,0.02631578947368421
0.29,0.25,0.473291277885437,885,4,1233,0.7177615571776156,0.9955005624296963,0.8341187558906692,0.02631578947368421
0.29,0.26,0.47672128677368164,873,4,1233,0.708029197080292,0.9954389965792474,0.8274881516587678,0.02631578947368421
0.29,0.27,0.48006686568260193,866,4,1233,0.7023519870235199,0.9954022988505747,0.8235853542558251,0.02631578947368421
0.29,0.28,0.48308706283569336,862,4,1233,0.6991078669910786,0.9953810623556582,0.8213434969032873,0.02631578947368421
0.29,0.29,0.4861908257007599,860,4,1233,0.6974858069748581,0.9953703703703703,0.8202193609918932,0.02631578947368421
