eps_fp,eps_tp,tau_fp,tau_tp,tau_final
0.01,0.01,0.5046449899673462,0.3121652901172638,0.5046449899673462
0.01,0.02,0.5046449899673462,0.32712268829345703,0.5046449899673462
0.01,0.03,0.5046449899673462,0.3401259481906891,0.5046449899673462
0.01,0.04,0.5046449899673462,0.3515838384628296,0.5046449899673462
0.01,0.05,0.5046449899673462,0.35885384678840637,0.5046449899673462
0.01,0.06,0.5046449899673462,0.3687959909439087,0.5046449899673462
0.01,0.07,0.5046449899673462,0.37521296739578247,0.5046449899673462
0.01,0.08,0.5046449899673462,0.3830002248287201,0.5046449899673462
0.01,0.09,0.5046449899673462,0.39082932472229004,0.5046449899673462
0.01,0.1,0.5046449899673462,0.3987773358821869,0.5046449899673462
0.01,0.11,0.5046449899673462,0.4047017991542816,0.5046449899673462
0.01,0.12,0.5046449899673462,0.41200897097587585,0.5046449899673462
0.01,0.13,0.5046449899673462,0.417283296585083,0.5046449899673462
0.01,0.14,0.5046449899673462,0.42354804277420044,0.5046449899673462
0.01,0.15,0.5046449899673462,0.4286336898803711,0.5046449899673462
0.01,0.16,0.5046449899673462,0.43381446599960327,0.5046449899673462
0.01,0.17,0.5046449899673462,0.43911486864089966,0.5046449899673462
0.01,0.18,0.5046449899673462,0.44459840655326843,0.5046449899673462
0.01,0.19,0.5046449899673462,0.4492764174938202,0.5046449899673462
0.01,0.2,0.5046449899673462,0.45281803607940674,0.5046449899673462
0.01,0.21,0.5046449899673462,0.45662403106689453,0.5046449899673462
0.01,0.22,0.5046449899673462,0.46143150329589844,0.5046449899673462
0.01,0.23,0.5046449899673462,0.4650297164916992,0.5046449899673462
0.01,0.24,0.5046449899673462,0.46998530626296997,0.5046449899673462
0.01,0.25,0.5046449899673462,0.473291277885437,0.5046449899673462
0.01,0.26,0.5046449899673462,0.47672128677368164,0.5046449899673462
0.01,0.27,0.5046449899673462,0.48006686568260193,0.5046449899673462
0.01,0.28,0.5046449899673462,0.48308706283569336,0.5046449899673462
0.01,0.29,0.5046449899673462,0.4861908257007599,0.5046449899673462
0.02,0.01,0.4589100778102875,0.3121652901172638,0.4589100778102875
0.02,0.02,0.4589100778102875,0.32712268829345703,0.4589100778102875
0.02,0.03,0.4589100778102875,0.3401259481906891,0.4589100778102875
0.02,0.04,0.4589100778102875,0.3515838384628296,0.4589100778102875
0.02,0.05,0.4589100778102875,0.35885384678840637,0.4589100778102875
0.02,0.06,0.4589100778102875,0.3687959909439087,0.4589100778102875
0.02,0.07,0.4589100778102875,0.37521296739578247,0.4589100778102875
0.02,0.08,0.4589100778102875,0.3830002248287201,0.4589100778102875
0.02,0.09,0.4589100778102875,0.39082932472229004,0.4589100778102875
0.02,0.1,0.4589100778102875,0.3987773358821869,0.4589100778102875
0.02,0.11,0.4589100778102875,0.4047017991542816,0.4589100778102875
0.02,0.12,0.4589100778102875,0.41200897097587585,0.4589100778102875
0.02,0.13,0.4589100778102875,0.417283296585083,0.4589100778102875
0.02,0.14,0.4589100778102875,0.42354804277420044,0.4589100778102875
0.02,0.15,0.4589100778102875,0.4286336898803711,0.4589100778102875
0.02,0.16,0.4589100778102875,0.43381446599960327,0.4589100778102875
0.02,0.17,0.4589100778102875,0.43911486864089966,0.4589100778102875
0.02,0.18,0.4589100778102875,0.44459840655326843,0.4589100778102875
0.02,0.19,0.4589100778102875,0.4492764174938202,0.4589100778102875
0.02,0.2,0.4589100778102875,0.45281803607940674,0.4589100778102875
0.02,0.21,0.4589100778102875,0.45662403106689453,0.4589100778102875
0.02,0.22,0.4589100778102875,0.46143150329589844,0.46143150329589844
0.02,0.23,0.4589100778102875,0.4650297164916992,0.4650297164916992
0.02,0.24,0.4589100778102875,0.46998530626296997,0.46998530626296997
0.02,0.25,0.4589100778102875,0.473291277885437,0.473291277885437
0.02,0.26,0.4589100778102875,0.47672128677368164,0.47672128677368164
0.02,0.27,0.4589100778102875,0.48006686568260193,0.48006686568260193
0.02,0.28,0.4589100778102875,0.48308706283569336,0.48308706283569336
0.02,0.29,0.4589100778102875,0.4861908257007599,0.4861908257007599
0.03,0.01,0.4260057508945465,0.3121652901172638,0.4260057508945465
0.03,0.02,0.4260057508945465,0.32712268829345703,0.4260057508945465
0.03,0.03,0.4260057508945465,0.3401259481906891,0.4260057508945465
0.03,0.04,0.4260057508945465,0.3515838384628296,0.4260057508945465
0.03,0.05,0.4260057508945465,0.35885384678840637,0.4260057508945465
0.03,0.06,0.4260057508945465,0.3687959909439087,0.4260057508945465
0.03,0.07,0.4260057508945465,0.37521296739578247,0.4260057508945465
0.03,0.08,0.4260057508945465,0.3830002248287201,0.4260057508945465
0.03,0.09,0.4260057508945465,0.39082932472229004,0.4260057508945465
0.03,0.1,0.4260057508945465,0.3987773358821869,0.4260057508945465
0.03,0.11,0.4260057508945465,0.4047017991542816,0.4260057508945465
0.03,0.12,0.4260057508945465,0.41200897097587585,0.4260057508945465
0.03,0.13,0.4260057508945465,0.417283296585083,0.4260057508945465
0.03,0.14,0.4260057508945465,0.42354804277420044,0.4260057508945465
0.03,0.15,0.4260057508945465,0.4286336898803711,0.4286336898803711
0.03,0.16,0.4260057508945465,0.43381446599960327,0.43381446599960327
0.03,0.17,0.4260057508945465,0.43911486864089966,0.43911486864089966
0.03,0.18,0.4260057508945465,0.44459840655326843,0.44459840655326843
0.03,0.19,0.4260057508945465,0.4492764174938202,0.4492764174938202
0.03,0.2,0.4260057508945465,0.45281803607940674,0.45281803607940674
0.03,0.21,0.4260057508945465,0.45662403106689453,0.45662403106689453
0.03,0.22,0.4260057508945465,0.46143150329589844,0.46143150329589844
0.03,0.23,0.4260057508945465,0.4650297164916992,0.4650297164916992
0.03,0.24,0.4260057508945465,0.46998530626296997,0.46998530626296997
0.03,0.25,0.4260057508945465,0.473291277885437,0.473291277885437
0.03,0.26,0.4260057508945465,0.47672128677368164,0.47672128677368164
0.03,0.27,0.4260057508945465,0.48006686568260193,0.48006686568260193
0.03,0.28,0.4260057508945465,0.48308706283569336,0.48308706283569336
0.03,0.29,0.4260057508945465,0.4861908257007599,0.4861908257007599
0.04,0.01,0.40317603945732117,0.3121652901172638,0.40317603945732117
0.04,0.02,0.40317603945732117,0.32712268829345703,0.40317603945732117
0.04,0.03,0.40317603945732117,0.3401259481906891,0.40317603945732117
0.04,0.04,0.40317603945732117,0.3515838384628296,0.40317603945732117
0.04,0.05,0.40317603945732117,0.35885384678840637,0.40317603945732117
0.04,0.06,0.40317603945732117,0.3687959909439087,0.40317603945732117
0.04,0.07,0.40317603945732117,0.37521296739578247,0.40317603945732117
0.04,0.08,0.40317603945732117,0.3830002248287201,0.40317603945732117
0.04,0.09,0.40317603945732117,0.39082932472229004,0.40317603945732117
0.04,0.1,0.40317603945732117,0.3987773358821869,0.40317603945732117
0.04,0.11,0.40317603945732117,0.4047017991542816,0.4047017991542816
0.04,0.12,0.40317603945732117,0.41200897097587585,0.41200897097587585
0.04,0.13,0.40317603945732117,0.417283296585083,0.417283296585083
0.04,0.14,0.40317603945732117,0.42354804277420044,0.42354804277420044
0.04,0.15,0.40317603945732117,0.4286336898803711,0.4286336898803711
0.04,0.16,0.40317603945732117,0.43381446599960327,0.43381446599960327
0.04,0.17,0.40317603945732117,0.43911486864089966,0.43911486864089966
0.04,0.18,0.40317603945732117,0.44459840655326843,0.44459840655326843
0.04,0.19,0.40317603945732117,0.4492764174938202,0.4492764174938202
0.04,0.2,0.40317603945732117,0.45281803607940674,0.45281803607940674
0.04,0.21,0.40317603945732117,0.45662403106689453,0.45662403106689453
0.04,0.22,0.40317603945732117,0.46143150329589844,0.46143150329589844
0.04,0.23,0.40317603945732117,0.4650297164916992,0.4650297164916992
0.04,0.24,0.40317603945732117,0.46998530626296997,0.46998530626296997
0.04,0.25,0.40317603945732117,0.473291277885437,0.473291277885437
0.04,0.26,0.40317603945732117,0.47672128677368164,0.47672128677368164
0.04,0.27,0.40317603945732117,0.48006686568260193,0.48006686568260193
0.04,0.28,0.40317603945732117,0.48308706283569336,0.48308706283569336
0.04,0.29,0.40317603945732117,0.4861908257007599,0.4861908257007599
0.05,0.01,0.385497510433197,0.3121652901172638,0.385497510433197
0.05,0.02,0.385497510433197,0.32712268829345703,0.385497510433197
0.05,0.03,0.385497510433197,0.3401259481906891,0.385497510433197
0.05,0.04,0.385497510433197,0.3515838384628296,0.385497510433197
0.05,0.05,0.385497510433197,0.35885384678840637,0.385497510433197
0.05,0.06,0.385497510433197,0.3687959909439087,0.385497510433197
0.05,0.07,0.385497510433197,0.37521296739578247,0.385497510433197
0.05,0.08,0.385497510433197,0.3830002248287201,0.385497510433197
0.05,0.09,0.385497510433197,0.39082932472229004,0.39082932472229004
0.05,0.1,0.385497510433197,0.3987773358821869,0.3987773358821869
0.05,0.11,0.385497510433197,0.4047017991542816,0.4047017991542816
0.05,0.12,0.385497510433197,0.41200897097587585,0.41200897097587585
0.05,0.13,0.385497510433197,0.417283296585083,0.417283296585083
0.05,0.14,0.385497510433197,0.42354804277420044,0.42354804277420044
0.05,0.15,0.385497510433197,0.4286336898803711,0.4286336898803711
0.05,0.16,0.385497510433197,0.43381446599960327,0.43381446599960327
0.05,0.17,0.385497510433197,0.43911486864089966,0.43911486864089966
0.05,0.18,0.385497510433197,0.44459840655326843,0.44459840655326843
0.05,0.19,0.385497510433197,0.4492764174938202,0.4492764174938202
0.05,0.2,0.385497510433197,0.45281803607940674,0.45281803607940674
0.05,0.21,0.385497510433197,0.45662403106689453,0.45662403106689453
0.05,0.22,0.385497510433197,0.46143150329589844,0.46143150329589844
0.05,0.23,0.385497510433197,0.4650297164916992,0.4650297164916992
0.05,0.24,0.385497510433197,0.46998530626296997,0.46998530626296997
0.05,0.25,0.385497510433197,0.473291277885437,0.473291277885437
0.05,0.26,0.385497510433197,0.47672128677368164,0.47672128677368164
0.05,0.27,0.385497510433197,0.48006686568260193,0.48006686568260193
0.05,0.28,0.385497510433197,0.48308706283569336,0.48308706283569336
0.05,0.29,0.385497510433197,0.4861908257007599,0.4861908257007599
0.06,0.01,0.37248560786247253,0.3121652901172638,0.37248560786247253
0.06,0.02,0.37248560786247253,0.32712268829345703,0.37248560786247253
0.06,0.03,0.37248560786247253,0.3401259481906891,0.37248560786247253
0.06,0.04,0.37248560786247253,0.3515838384628296,0.37248560786247253
0.06,0.05,0.37248560786247253,0.35885384678840637,0.37248560786247253
0.06,0.06,0.37248560786247253,0.3687959909439087,0.37248560786247253
0.06,0.07,0.37248560786247253,0.37521296739578247,0.37521296739578247
0.06,0.08,0.37248560786247253,0.3830002248287201,0.3830002248287201
0.06,0.09,0.37248560786247253,0.39082932472229004,0.39082932472229004
0.06,0.1,0.37248560786247253,0.3987773358821869,0.3987773358821869
0.06,0.11,0.37248560786247253,0.4047017991542816,0.4047017991542816
0.06,0.12,0.37248560786247253,0.41200897097587585,0.41200897097587585
0.06,0.13,0.37248560786247253,0.417283296585083,0.417283296585083
0.06,0.14,0.37248560786247253,0.42354804277420044,0.42354804277420044
0.06,0.15,0.37248560786247253,0.4286336898803711,0.4286336898803711
0.06,0.16,0.37248560786247253,0.43381446599960327,0.43381446599960327
0.06,0.17,0.37248560786247253,0.43911486864089966,0.43911486864089966
0.06,0.18,0.37248560786247253,0.44459840655326843,0.44459840655326843
0.06,0.19,0.37248560786247253,0.4492764174938202,0.4492764174938202
0.06,0.2,0.37248560786247253,0.45281803607940674,0.45281803607940674
0.06,0.21,0.37248560786247253,0.45662403106689453,0.45662403106689453
0.06,0.22,0.37248560786247253,0.46143150329589844,0.46143150329589844
0.06,0.23,0.37248560786247253,0.4650297164916992,0.4650297164916992
0.06,0.24,0.37248560786247253,0.46998530626296997,0.46998530626296997
0.06,0.25,0.37248560786247253,0.473291277885437,0.473291277885437
0.06,0.26,0.37248560786247253,0.47672128677368164,0.47672128677368164
0.06,0.27,0.37248560786247253,0.48006686568260193,0.48006686568260193
0.06,0.28,0.37248560786247253,0.48308706283569336,0.48308706283569336
0.06,0.29,0.37248560786247253,0.4861908257007599,0.4861908257007599
0.07,0.01,0.35977840423583984,0.3121652901172638,0.35977840423583984
0.07,0.02,0.35977840423583984,0.32712268829345703,0.35977840423583984
0.07,0.03,0.35977840423583984,0.3401259481906891,0.35977840423583984
0.07,0.04,0.35977840423583984,0.3515838384628296,0.35977840423583984
0.07,0.05,0.35977840423583984,0.35885384678840637,0.35977840423583984
0.07,0.06,0.35977840423583984,0.3687959909439087,0.3687959909439087
0.07,0.07,0.35977840423583984,0.37521296739578247,0.37521296739578247
0.07,0.08,0.35977840423583984,0.3830002248287201,0.3830002248287201
0.07,0.09,0.35977840423583984,0.39082932472229004,0.39082932472229004
0.07,0.1,0.35977840423583984,0.3987773358821869,0.3987773358821869
0.07,0.11,0.35977840423583984,0.4047017991542816,0.4047017991542816
0.07,0.12,0.35977840423583984,0.41200897097587585,0.41200897097587585
0.07,0.13,0.35977840423583984,0.417283296585083,0.417283296585083
0.07,0.14,0.35977840423583984,0.42354804277420044,0.42354804277420044
0.07,0.15,0.35977840423583984,0.4286336898803711,0.4286336898803711
0.07,0.16,0.35977840423583984,0.43381446599960327,0.43381446599960327
0.07,0.17,0.35977840423583984,0.43911486864089966,0.43911486864089966
0.07,0.18,0.35977840423583984,0.44459840655326843,0.44459840655326843
0.07,0.19,0.35977840423583984,0.4492764174938202,0.4492764174938202
0.07,0.2,0.35977840423583984,0.45281803607940674,0.45281803607940674
0.07,0.21,0.35977840423583984,0.45662403106689453,0.45662403106689453
0.07,0.22,0.35977840423583984,0.46143150329589844,0.46143150329589844
0.07,0.23,0.35977840423583984,0.4650297164916992,0.4650297164916992
0.07,0.24,0.35977840423583984,0.46998530626296997,0.46998530626296997
0.07,0.25,0.35977840423583984,0.473291277885437,0.473291277885437
0.07,0.26,0.35977840423583984,0.47672128677368164,0.47672128677368164
0.07,0.27,0.35977840423583984,0.48006686568260193,0.48006686568260193
0.07,0.28,0.35977840423583984,0.48308706283569336,0.48308706283569336
0.07,0.29,0.35977840423583984,0.4861908257007599,0.4861908257007599
0.08,0.01,0.3507849872112274,0.3121652901172638,0.3507849872112274
0.08,0.02,0.3507849872112274,0.32712268829345703,0.3507849872112274
0.08,0.03,0.3507849872112274,0.3401259481906891,0.3507849872112274
0.08,0.04,0.3507849872112274,0.3515838384628296,0.3515838384628296
0.08,0.05,0.3507849872112274,0.35885384678840637,0.35885384678840637
0.08,0.06,0.3507849872112274,0.3687959909439087,0.3687959909439087
0.08,0.07,0.3507849872112274,0.37521296739578247,0.37521296739578247
0.08,0.08,0.3507849872112274,0.3830002248287201,0.3830002248287201
0.08,0.09,0.3507849872112274,0.39082932472229004,0.39082932472229004
0.08,0.1,0.3507849872112274,0.3987773358821869,0.3987773358821869
0.08,0.11,0.3507849872112274,0.4047017991542816,0.4047017991542816
0.08,0.12,0.3507849872112274,0.41200897097587585,0.41200897097587585
0.08,0.13,0.3507849872112274,0.417283296585083,0.417283296585083
0.08,0.14,0.3507849872112274,0.42354804277420044,0.42354804277420044
0.08,0.15,0.3507849872112274,0.4286336898803711,0.4286336898803711
0.08,0.16,0.3507849872112274,0.43381446599960327,0.43381446599960327
0.08,0.17,0.3507849872112274,0.43911486864089966,0.43911486864089966
0.08,0.18,0.3507849872112274,0.44459840655326843,0.44459840655326843
0.08,0.19,0.3507849872112274,0.4492764174938202,0.4492764174938202
0.08,0.2,0.3507849872112274,0.45281803607940674,0.45281803607940674
0.08,0.21,0.3507849872112274,0.45662403106689453,0.45662403106689453
0.08,0.22,0.3507849872112274,0.46143150329589844,0.46143150329589844
0.08,0.23,0.3507849872112274,0.4650297164916992,0.4650297164916992
0.08,0.24,0.3507849872112274,0.46998530626296997,0.46998530626296997
0.08,0.25,0.3507849872112274,0.473291277885437,0.473291277885437
0.08,0.26,0.3507849872112274,0.47672128677368164,0.47672128677368164
0.08,0.27,0.3507849872112274,0.48006686568260193,0.48006686568260193
0.08,0.28,0.3507849872112274,0.48308706283569336,0.48308706283569336
0.08,0.29,0.3507849872112274,0.4861908257007599,0.4861908257007599
0.09,0.01,0.3437494933605194,0.3121652901172638,0.3437494933605194
0.09,0.02,0.3437494933605194,0.32712268829345703,0.3437494933605194
0.09,0.03,0.3437494933605194,0.3401259481906891,0.3437494933605194
0.09,0.04,0.3437494933605194,0.3515838384628296,0.3515838384628296
0.09,0.05,0.3437494933605194,0.35885384678840637,0.35885384678840637
0.09,0.06,0.3437494933605194,0.3687959909439087,0.3687959909439087
0.09,0.07,0.3437494933605194,0.37521296739578247,0.37521296739578247
0.09,0.08,0.3437494933605194,0.3830002248287201,0.3830002248287201
0.09,0.09,0.3437494933605194,0.39082932472229004,0.39082932472229004
0.09,0.1,0.3437494933605194,0.3987773358821869,0.3987773358821869
0.09,0.11,0.3437494933605194,0.4047017991542816,0.4047017991542816
0.09,0.12,0.3437494933605194,0.41200897097587585,0.41200897097587585
0.09,0.13,0.3437494933605194,0.417283296585083,0.417283296585083
0.09,0.14,0.3437494933605194,0.42354804277420044,0.42354804277420044
0.09,0.15,0.3437494933605194,0.4286336898803711,0.4286336898803711
0.09,0.16,0.3437494933605194,0.43381446599960327,0.43381446599960327
0.09,0.17,0.3437494933605194,0.43911486864089966,0.43911486864089966
0.09,0.18,0.3437494933605194,0.44459840655326843,0.44459840655326843
0.09,0.19,0.3437494933605194,0.4492764174938202,0.4492764174938202
0.09,0.2,0.3437494933605194,0.45281803607940674,0.45281803607940674
0.09,0.21,0.3437494933605194,0.45662403106689453,0.45662403106689453
0.09,0.22,0.3437494933605194,0.46143150329589844,0.46143150329589844
0.09,0.23,0.3437494933605194,0.4650297164916992,0.4650297164916992
0.09,0.24,0.3437494933605194,0.46998530626296997,0.46998530626296997
0.09,0.25,0.3437494933605194,0.473291277885437,0.473291277885437
0.09,0.26,0.3437494933605194,0.47672128677368164,0.47672128677368164
0.09,0.27,0.3437494933605194,0.48006686568260193,0.48006686568260193
0.09,0.28,0.3437494933605194,0.48308706283569336,0.48308706283569336
0.09,0.29,0.3437494933605194,0.4861908257007599,0.4861908257007599
0.1,0.01,0.3369969129562378,0.3121652901172638,0.3369969129562378
0.1,0.02,0.3369969129562378,0.32712268829345703,0.3369969129562378
0.1,0.03,0.3369969129562378,0.3401259481906891,0.3401259481906891
0.1,0.04,0.3369969129562378,0.3515838384628296,0.3515838384628296
0.1,0.05,0.3369969129562378,0.35885384678840637,0.35885384678840637
0.1,0.06,0.3369969129562378,0.3687959909439087,0.3687959909439087
0.1,0.07,0.3369969129562378,0.37521296739578247,0.37521296739578247
0.1,0.08,0.3369969129562378,0.3830002248287201,0.3830002248287201
0.1,0.09,0.3369969129562378,0.39082932472229004,0.39082932472229004
0.1,0.1,0.3369969129562378,0.3987773358821869,0.3987773358821869
0.1,0.11,0.3369969129562378,0.4047017991542816,0.4047017991542816
0.1,0.12,0.3369969129562378,0.41200897097587585,0.41200897097587585
0.1,0.13,0.3369969129562378,0.417283296585083,0.417283296585083
0.1,0.14,0.3369969129562378,0.42354804277420044,0.42354804277420044
0.1,0.15,0.3369969129562378,0.4286336898803711,0.4286336898803711
0.1,0.16,0.3369969129562378,0.43381446599960327,0.43381446599960327
0.1,0.17,0.3369969129562378,0.43911486864089966,0.43911486864089966
0.1,0.18,0.3369969129562378,0.44459840655326843,0.44459840655326843
0.1,0.19,0.3369969129562378,0.4492764174938202,0.4492764174938202
0.1,0.2,0.3369969129562378,0.45281803607940674,0.45281803607940674
0.1,0.21,0.3369969129562378,0.45662403106689453,0.45662403106689453
0.1,0.22,0.3369969129562378,0.46143150329589844,0.46143150329589844
0.1,0.23,0.3369969129562378,0.4650297164916992,0.4650297164916992
0.1,0.24,0.3369969129562378,0.46998530626296997,0.46998530626296997
0.1,0.25,0.3369969129562378,0.473291277885437,0.473291277885437
0.1,0.26,0.3369969129562378,0.47672128677368164,0.47672128677368164
0.1,0.27,0.3369969129562378,0.48006686568260193,0.48006686568260193
0.1,0.28,0.3369969129562378,0.48308706283569336,0.48308706283569336
0.1,0.29,0.3369969129562378,0.4861908257007599,0.4861908257007599
0.11,0.01,0.3293206989765167,0.3121652901172638,0.3293206989765167
0.11,0.02,0.3293206989765167,0.32712268829345703,0.3293206989765167
0.11,0.03,0.3293206989765167,0.3401259481906891,0.3401259481906891
0.11,0.04,0.3293206989765167,0.3515838384628296,0.3515838384628296
0.11,0.05,0.3293206989765167,0.35885384678840637,0.35885384678840637
0.11,0.06,0.3293206989765167,0.3687959909439087,0.3687959909439087
0.11,0.07,0.3293206989765167,0.37521296739578247,0.37521296739578247
0.11,0.08,0.3293206989765167,0.3830002248287201,0.3830002248287201
0.11,0.09,0.3293206989765167,0.39082932472229004,0.39082932472229004
0.11,0.1,0.3293206989765167,0.3987773358821869,0.3987773358821869
0.11,0.11,0.3293206989765167,0.4047017991542816,0.4047017991542816
0.11,0.12,0.3293206989765167,0.41200897097587585,0.41200897097587585
0.11,0.13,0.3293206989765167,0.417283296585083,0.417283296585083
0.11,0.14,0.3293206989765167,0.42354804277420044,0.42354804277420044
0.11,0.15,0.3293206989765167,0.4286336898803711,0.4286336898803711
0.11,0.16,0.3293206989765167,0.43381446599960327,0.43381446599960327
0.11,0.17,0.3293206989765167,0.43911486864089966,0.43911486864089966
0.11,0.18,0.3293206989765167,0.44459840655326843,0.44459840655326843
0.11,0.19,0.3293206989765167,0.4492764174938202,0.4492764174938202
0.11,0.2,0.3293206989765167,0.45281803607940674,0.45281803607940674
0.11,0.21,0.3293206989765167,0.45662403106689453,0.45662403106689453
0.11,0.22,0.3293206989765167,0.46143150329589844,0.46143150329589844
0.11,0.23,0.3293206989765167,0.4650297164916992,0.4650297164916992
0.11,0.24,0.3293206989765167,0.46998530626296997,0.46998530626296997
0.11,0.25,0.3293206989765167,0.473291277885437,0.473291277885437
0.11,0.26,0.3293206989765167,0.47672128677368164,0.47672128677368164
0.11,0.27,0.3293206989765167,0.48006686568260193,0.48006686568260193
0.11,0.28,0.3293206989765167,0.48308706283569336,0.48308706283569336
0.11,0.29,0.3293206989765167,0.4861908257007599,0.4861908257007599
0.12,0.01,0.32124993205070496,0.3121652901172638,0.32124993205070496
0.12,0.02,0.32124993205070496,0.32712268829345703,0.32712268829345703
0.12,0.03,0.32124993205070496,0.3401259481906891,0.3401259481906891
0.12,0.04,0.32124993205070496,0.3515838384628296,0.3515838384628296
0.12,0.05,0.32124993205070496,0.35885384678840637,0.35885384678840637
0.12,0.06,0.32124993205070496,0.3687959909439087,0.3687959909439087
0.12,0.07,0.32124993205070496,0.37521296739578247,0.37521296739578247
0.12,0.08,0.32124993205070496,0.3830002248287201,0.3830002248287201
0.12,0.09,0.32124993205070496,0.39082932472229004,0.39082932472229004
0.12,0.1,0.32124993205070496,0.3987773358821869,0.3987773358821869
0.12,0.11,0.32124993205070496,0.4047017991542816,0.4047017991542816
0.12,0.12,0.32124993205070496,0.41200897097587585,0.41200897097587585
0.12,0.13,0.32124993205070496,0.417283296585083,0.417283296585083
0.12,0.14,0.32124993205070496,0.42354804277420044,0.42354804277420044
0.12,0.15,0.32124993205070496,0.4286336898803711,0.4286336898803711
0.12,0.16,0.32124993205070496,0.43381446599960327,0.43381446599960327
0.12,0.17,0.32124993205070496,0.43911486864089966,0.43911486864089966
0.12,0.18,0.32124993205070496,0.44459840655326843,0.44459840655326843
0.12,0.19,0.32124993205070496,0.4492764174938202,0.4492764174938202
0.12,0.2,0.32124993205070496,0.45281803607940674,0.45281803607940674
0.12,0.21,0.32124993205070496,0.45662403106689453,0.45662403106689453
0.12,0.22,0.32124993205070496,0.46143150329589844,0.46143150329589844
0.12,0.23,0.32124993205070496,0.4650297164916992,0.4650297164916992
0.12,0.24,0.32124993205070496,0.46998530626296997,0.46998530626296997
0.12,0.25,0.32124993205070496,0.473291277885437,0.473291277885437
0.12,0.26,0.32124993205070496,0.47672128677368164,0.47672128677368164
0.12,0.27,0.32124993205070496,0.48006686568260193,0.48006686568260193
0.12,0.28,0.32124993205070496,0.48308706283569336,0.48308706283569336
0.12,0.29,0.32124993205070496,0.4861908257007599,0.4861908257007599
0.13,0.01,0.31533119082450867,0.3121652901172638,0.31533119082450867
0.13,0.02,0.31533119082450867,0.32712268829345703,0.32712268829345703
0.13,0.03,0.31533119082450867,0.3401259481906891,0.3401259481906891
0.13,0.04,0.31533119082450867,0.3515838384628296,0.3515838384628296
0.13,0.05,0.31533119082450867,0.35885384678840637,0.35885384678840637
0.13,0.06,0.31533119082450867,0.3687959909439087,0.3687959909439087
0.13,0.07,0.31533119082450867,0.37521296739578247,0.37521296739578247
0.13,0.08,0.31533119082450867,0.3830002248287201,0.3830002248287201
0.13,0.09,0.31533119082450867,0.39082932472229004,0.39082932472229004
0.13,0.1,0.31533119082450867,0.3987773358821869,0.3987773358821869
0.13,0.11,0.31533119082450867,0.4047017991542816,0.4047017991542816
0.13,0.12,0.31533119082450867,0.41200897097587585,0.41200897097587585
0.13,0.13,0.31533119082450867,0.417283296585083,0.417283296585083
0.13,0.14,0.31533119082450867,0.42354804277420044,0.42354804277420044
0.13,0.15,0.31533119082450867,0.4286336898803711,0.4286336898803711
0.13,0.16,0.31533119082450867,0.43381446599960327,0.43381446599960327
0.13,0.17,0.31533119082450867,0.43911486864089966,0.43911486864089966
0.13,0.18,0.31533119082450867,0.44459840655326843,0.44459840655326843
0.13,0.19,0.31533119082450867,0.4492764174938202,0.4492764174938202
0.13,0.2,0.31533119082450867,0.45281803607940674,0.45281803607940674
0.13,0.21,0.31533119082450867,0.45662403106689453,0.45662403106689453
0.13,0.22,0.31533119082450867,0.46143150329589844,0.46143150329589844
0.13,0.23,0.31533119082450867,0.4650297164916992,0.4650297164916992
0.13,0.24,0.31533119082450867,0.46998530626296997,0.46998530626296997
0.13,0.25,0.31533119082450867,0.473291277885437,0.473291277885437
0.13,0.26,0.31533119082450867,0.47672128677368164,0.47672128677368164
0.13,0.27,0.31533119082450867,0.48006686568260193,0.48006686568260193
0.13,0.28,0.31533119082450867,0.48308706283569336,0.48308706283569336
0.13,0.29,0.31533119082450867,0.4861908257007599,0.4861908257007599
0.14,0.01,0.3100634217262268,0.3121652901172638,0.3121652901172638
0.14,0.02,0.3100634217262268,0.32712268829345703,0.32712268829345703
0.14,0.03,0.3100634217262268,0.3401259481906891,0.3401259481906891
0.14,0.04,0.3100634217262268,0.3515838384628296,0.3515838384628296
0.14,0.05,0.3100634217262268,0.35885384678840637,0.35885384678840637
0.14,0.06,0.3100634217262268,0.3687959909439087,0.3687959909439087
0.14,0.07,0.3100634217262268,0.37521296739578247,0.37521296739578247
0.14,0.08,0.3100634217262268,0.3830002248287201,0.3830002248287201
0.14,0.09,0.3100634217262268,0.39082932472229004,0.39082932472229004
0.14,0.1,0.3100634217262268,0.3987773358821869,0.3987773358821869
0.14,0.11,0.3100634217262268,0.4047017991542816,0.4047017991542816
0.14,0.12,0.3100634217262268,0.41200897097587585,0.41200897097587585
0.14,0.13,0.3100634217262268,0.417283296585083,0.417283296585083
0.14,0.14,0.3100634217262268,0.42354804277420044,0.42354804277420044
0.14,0.15,0.3100634217262268,0.4286336898803711,0.4286336898803711
0.14,0.16,0.3100634217262268,0.43381446599960327,0.43381446599960327
0.14,0.17,0.3100634217262268,0.43911486864089966,0.43911486864089966
0.14,0.18,0.3100634217262268,0.44459840655326843,0.44459840655326843
0.14,0.19,0.3100634217262268,0.4492764174938202,0.4492764174938202
0.14,0.2,0.3100634217262268,0.45281803607940674,0.45281803607940674
0.14,0.21,0.3100634217262268,0.45662403106689453,0.45662403106689453
0.14,0.22,0.3100634217262268,0.46143150329589844,0.46143150329589844
0.14,0.23,0.3100634217262268,0.4650297164916992,0.4650297164916992
0.14,0.24,0.3100634217262268,0.46998530626296997,0.46998530626296997
0.14,0.25,0.3100634217262268,0.473291277885437,0.473291277885437
0.14,0.26,0.3100634217262268,0.47672128677368164,0.47672128677368164
0.14,0.27,0.3100634217262268,0.48006686568260193,0.48006686568260193
0.14,0.28,0.3100634217262268,0.48308706283569336,0.48308706283569336
0.14,0.29,0.3100634217262268,0.4861908257007599,0.4861908257007599
0.15,0.01,0.3067014217376709,0.3121652901172638,0.3121652901172638
0.15,0.02,0.3067014217376709,0.32712268829345703,0.32712268829345703
0.15,0.03,0.3067014217376709,0.3401259481906891,0.3401259481906891
0.15,0.04,0.3067014217376709,0.3515838384628296,0.3515838384628296
0.15,0.05,0.3067014217376709,0.35885384678840637,0.35885384678840637
0.15,0.06,0.3067014217376709,0.3687959909439087,0.3687959909439087
0.15,0.07,0.3067014217376709,0.37521296739578247,0.37521296739578247
0.15,0.08,0.3067014217376709,0.3830002248287201,0.3830002248287201
0.15,0.09,0.3067014217376709,0.39082932472229004,0.39082932472229004
0.15,0.1,0.3067014217376709,0.3987773358821869,0.3987773358821869
0.15,0.11,0.3067014217376709,0.4047017991542816,0.4047017991542816
0.15,0.12,0.3067014217376709,0.41200897097587585,0.41200897097587585
0.15,0.13,0.3067014217376709,0.417283296585083,0.417283296585083
0.15,0.14,0.3067014217376709,0.42354804277420044,0.42354804277420044
0.15,0.15,0.3067014217376709,0.4286336898803711,0.4286336898803711
0.15,0.16,0.3067014217376709,0.43381446599960327,0.43381446599960327
0.15,0.17,0.3067014217376709,0.43911486864089966,0.43911486864089966
0.15,0.18,0.3067014217376709,0.44459840655326843,0.44459840655326843
0.15,0.19,0.3067014217376709,0.4492764174938202,0.4492764174938202
0.15,0.2,0.3067014217376709,0.45281803607940674,0.45281803607940674
0.15,0.21,0.3067014217376709,0.45662403106689453,0.45662403106689453
0.15,0.22,0.3067014217376709,0.46143150329589844,0.46143150329589844
0.15,0.23,0.3067014217376709,0.4650297164916992,0.4650297164916992
0.15,0.24,0.3067014217376709,0.46998530626296997,0.46998530626296997
0.15,0.25,0.3067014217376709,0.473291277885437,0.473291277885437
0.15,0.26,0.3067014217376709,0.47672128677368164,0.47672128677368164
0.15,0.27,0.3067014217376709,0.48006686568260193,0.48006686568260193
0.15,0.28,0.3067014217376709,0.48308706283569336,0.48308706283569336
0.15,0.29,0.3067014217376709,0.4861908257007599,0.4861908257007599
0.16,0.01,0.3018702268600464,0.3121652901172638,0.3121652901172638
0.16,0.02,0.3018702268600464,0.32712268829345703,0.32712268829345703
0.16,0.03,0.3018702268600464,0.3401259481906891,0.3401259481906891
0.16,0.04,0.3018702268600464,0.3515838384628296,0.3515838384628296
0.16,0.05,0.3018702268600464,0.35885384678840637,0.35885384678840637
0.16,0.06,0.3018702268600464,0.3687959909439087,0.3687959909439087
0.16,0.07,0.3018702268600464,0.37521296739578247,0.37521296739578247
0.16,0.08,0.3018702268600464,0.3830002248287201,0.3830002248287201
0.16,0.09,0.3018702268600464,0.39082932472229004,0.39082932472229004
0.16,0.1,0.3018702268600464,0.3987773358821869,0.3987773358821869
0.16,0.11,0.3018702268600464,0.4047017991542816,0.4047017991542816
0.16,0.12,0.3018702268600464,0.41200897097587585,0.41200897097587585
0.16,0.13,0.3018702268600464,0.417283296585083,0.417283296585083
0.16,0.14,0.3018702268600464,0.42354804277420044,0.42354804277420044
0.16,0.15,0.3018702268600464,0.4286336898803711,0.4286336898803711
0.16,0.16,0.3018702268600464,0.43381446599960327,0.43381446599960327
0.16,0.17,0.3018702268600464,0.43911486864089966,0.43911486864089966
0.16,0.18,0.3018702268600464,0.44459840655326843,0.44459840655326843
0.16,0.19,0.3018702268600464,0.4492764174938202,0.4492764174938202
0.16,0.2,0.3018702268600464,0.45281803607940674,0.45281803607940674
0.16,0.21,0.3018702268600464,0.45662403106689453,0.45662403106689453
0.16,0.22,0.3018702268600464,0.46143150329589844,0.46143150329589844
0.16,0.23,0.3018702268600464,0.4650297164916992,0.4650297164916992
0.16,0.24,0.3018702268600464,0.46998530626296997,0.46998530626296997
0.16,0.25,0.3018702268600464,0.473291277885437,0.473291277885437
0.16,0.26,0.3018702268600464,0.47672128677368164,0.47672128677368164
0.16,0.27,0.3018702268600464,0.48006686568260193,0.48006686568260193
0.16,0.28,0.3018702268600464,0.48308706283569336,0.48308706283569336
0.16,0.29,0.3018702268600464,0.4861908257007599,0.4861908257007599
0.17,0.01,0.29957249760627747,0.3121652901172638,0.3121652901172638
0.17,0.02,0.29957249760627747,0.32712268829345703,0.32712268829345703
0.17,0.03,0.29957249760627747,0.3401259481906891,0.3401259481906891
0.17,0.04,0.29957249760627747,0.3515838384628296,0.3515838384628296
0.17,0.05,0.29957249760627747,0.35885384678840637,0.35885384678840637
0.17,0.06,0.29957249760627747,0.3687959909439087,0.3687959909439087
0.17,0.07,0.29957249760627747,0.37521296739578247,0.37521296739578247
0.17,0.08,0.29957249760627747,0.3830002248287201,0.3830002248287201
0.17,0.09,0.29957249760627747,0.39082932472229004,0.39082932472229004
0.17,0.1,0.29957249760627747,0.3987773358821869,0.3987773358821869
0.17,0.11,0.29957249760627747,0.4047017991542816,0.4047017991542816
0.17,0.12,0.29957249760627747,0.41200897097587585,0.41200897097587585
0.17,0.13,0.29957249760627747,0.417283296585083,0.417283296585083
0.17,0.14,0.29957249760627747,0.42354804277420044,0.42354804277420044
0.17,0.15,0.29957249760627747,0.4286336898803711,0.4286336898803711
0.17,0.16,0.29957249760627747,0.43381446599960327,0.43381446599960327
0.17,0.17,0.29957249760627747,0.43911486864089966,0.43911486864089966
0.17,0.18,0.29957249760627747,0.44459840655326843,0.44459840655326843
0.17,0.19,0.29957249760627747,0.4492764174938202,0.4492764174938202
0.17,0.2,0.29957249760627747,0.45281803607940674,0.45281803607940674
0.17,0.21,0.29957249760627747,0.45662403106689453,0.45662403106689453
0.17,0.22,0.29957249760627747,0.46143150329589844,0.46143150329589844
0.17,0.23,0.29957249760627747,0.4650297164916992,0.4650297164916992
0.17,0.24,0.29957249760627747,0.46998530626296997,0.46998530626296997
0.17,0.25,0.29957249760627747,0.473291277885437,0.473291277885437
0.17,0.26,0.29957249760627747,0.47672128677368164,0.47672128677368164
0.17,0.27,0.29957249760627747,0.48006686568260193,0.48006686568260193
0.17,0.28,0.29957249760627747,0.48308706283569336,0.48308706283569336
0.17,0.29,0.29957249760627747,0.4861908257007599,0.4861908257007599
0.18,0.01,0.2976589500904083,0.3121652901172638,0.3121652901172638
0.18,0.02,0.2976589500904083,0.32712268829345703,0.32712268829345703
0.18,0.03,0.2976589500904083,0.3401259481906891,0.3401259481906891
0.18,0.04,0.2976589500904083,0.3515838384628296,0.3515838384628296
0.18,0.05,0.2976589500904083,0.35885384678840637,0.35885384678840637
0.18,0.06,0.2976589500904083,0.3687959909439087,0.3687959909439087
0.18,0.07,0.2976589500904083,0.37521296739578247,0.37521296739578247
0.18,0.08,0.2976589500904083,0.3830002248287201,0.3830002248287201
0.18,0.09,0.2976589500904083,0.39082932472229004,0.39082932472229004
0.18,0.1,0.2976589500904083,0.3987773358821869,0.3987773358821869
0.18,0.11,0.2976589500904083,0.4047017991542816,0.4047017991542816
0.18,0.12,0.2976589500904083,0.41200897097587585,0.41200897097587585
0.18,0.13,0.2976589500904083,0.417283296585083,0.417283296585083
0.18,0.14,0.2976589500904083,0.42354804277420044,0.42354804277420044
0.18,0.15,0.2976589500904083,0.4286336898803711,0.4286336898803711
0.18,0.16,0.2976589500904083,0.43381446599960327,0.43381446599960327
0.18,0.17,0.2976589500904083,0.43911486864089966,0.43911486864089966
0.18,0.18,0.2976589500904083,0.44459840655326843,0.44459840655326843
0.18,0.19,0.2976589500904083,0.4492764174938202,0.4492764174938202
0.18,0.2,0.2976589500904083,0.45281803607940674,0.45281803607940674
0.18,0.21,0.2976589500904083,0.45662403106689453,0.45662403106689453
0.18,0.22,0.2976589500904083,0.46143150329589844,0.46143150329589844
0.18,0.23,0.2976589500904083,0.4650297164916992,0.4650297164916992
0.18,0.24,0.2976589500904083,0.46998530626296997,0.46998530626296997
0.18,0.25,0.2976589500904083,0.473291277885437,0.473291277885437
0.18,0.26,0.2976589500904083,0.47672128677368164,0.47672128677368164
0.18,0.27,0.2976589500904083,0.48006686568260193,0.48006686568260193
0.18,0.28,0.2976589500904083,0.48308706283569336,0.48308706283569336
0.18,0.29,0.2976589500904083,0.4861908257007599,0.4861908257007599
0.19,0.01,0.29584428668022156,0.3121652901172638,0.3121652901172638
0.19,0.02,0.29584428668022156,0.32712268829345703,0.32712268829345703
0.19,0.03,0.29584428668022156,0.3401259481906891,0.3401259481906891
0.19,0.04,0.29584428668022156,0.3515838384628296,0.3515838384628296
0.19,0.05,0.29584428668022156,0.35885384678840637,0.35885384678840637
0.19,0.06,0.29584428668022156,0.3687959909439087,0.3687959909439087
0.19,0.07,0.29584428668022156,0.37521296739578247,0.37521296739578247
0.19,0.08,0.29584428668022156,0.3830002248287201,0.3830002248287201
0.19,0.09,0.29584428668022156,0.39082932472229004,0.39082932472229004
0.19,0.1,0.29584428668022156,0.3987773358821869,0.3987773358821869
0.19,0.11,0.29584428668022156,0.4047017991542816,0.4047017991542816
0.19,0.12,0.29584428668022156,0.41200897097587585,0.41200897097587585
0.19,0.13,0.29584428668022156,0.417283296585083,0.417283296585083
0.19,0.14,0.29584428668022156,0.42354804277420044,0.42354804277420044
0.19,0.15,0.29584428668022156,0.4286336898803711,0.4286336898803711
0.19,0.16,0.29584428668022156,0.43381446599960327,0.43381446599960327
0.19,0.17,0.29584428668022156,0.43911486864089966,0.43911486864089966
0.19,0.18,0.29584428668022156,0.44459840655326843,0.44459840655326843
0.19,0.19,0.29584428668022156,0.4492764174938202,0.4492764174938202
0.19,0.2,0.29584428668022156,0.45281803607940674,0.45281803607940674
0.19,0.21,0.29584428668022156,0.45662403106689453,0.45662403106689453
0.19,0.22,0.29584428668022156,0.46143150329589844,0.46143150329589844
0.19,0.23,0.29584428668022156,0.4650297164916992,0.4650297164916992
0.19,0.24,0.29584428668022156,0.46998530626296997,0.46998530626296997
0.19,0.25,0.29584428668022156,0.473291277885437,0.473291277885437
0.19,0.26,0.29584428668022156,0.47672128677368164,0.47672128677368164
0.19,0.27,0.29584428668022156,0.48006686568260193,0.48006686568260193
0.19,0.28,0.29584428668022156,0.48308706283569336,0.48308706283569336
0.19,0.29,0.29584428668022156,0.4861908257007599,0.4861908257007599
0.2,0.01,0.29375630617141724,0.3121652901172638,0.3121652901172638
0.2,0.02,0.29375630617141724,0.32712268829345703,0.32712268829345703
0.2,0.03,0.29375630617141724,0.3401259481906891,0.3401259481906891
0.2,0.04,0.29375630617141724,0.3515838384628296,0.3515838384628296
0.2,0.05,0.29375630617141724,0.35885384678840637,0.35885384678840637
0.2,0.06,0.29375630617141724,0.3687959909439087,0.3687959909439087
0.2,0.07,0.29375630617141724,0.37521296739578247,0.37521296739578247
0.2,0.08,0.29375630617141724,0.3830002248287201,0.3830002248287201
0.2,0.09,0.29375630617141724,0.39082932472229004,0.39082932472229004
0.2,0.1,0.29375630617141724,0.3987773358821869,0.3987773358821869
0.2,0.11,0.29375630617141724,0.4047017991542816,0.4047017991542816
0.2,0.12,0.29375630617141724,0.41200897097587585,0.41200897097587585
0.2,0.13,0.29375630617141724,0.417283296585083,0.417283296585083
0.2,0.14,0.29375630617141724,0.42354804277420044,0.42354804277420044
0.2,0.15,0.29375630617141724,0.4286336898803711,0.4286336898803711
0.2,0.16,0.29375630617141724,0.43381446599960327,0.43381446599960327
0.2,0.17,0.29375630617141724,0.43911486864089966,0.43911486864089966
0.2,0.18,0.29375630617141724,0.44459840655326843,0.44459840655326843
0.2,0.19,0.29375630617141724,0.4492764174938202,0.4492764174938202
0.2,0.2,0.29375630617141724,0.45281803607940674,0.45281803607940674
0.2,0.21,0.29375630617141724,0.45662403106689453,0.45662403106689453
0.2,0.22,0.29375630617141724,0.46143150329589844,0.46143150329589844
0.2,0.23,0.29375630617141724,0.4650297164916992,0.4650297164916992
0.2,0.24,0.29375630617141724,0.46998530626296997,0.46998530626296997
0.2,0.25,0.29375630617141724,0.473291277885437,0.473291277885437
0.2,0.26,0.29375630617141724,0.47672128677368164,0.47672128677368164
0.2,0.27,0.29375630617141724,0.48006686568260193,0.48006686568260193
0.2,0.28,0.29375630617141724,0.48308706283569336,0.48308706283569336
0.2,0.29,0.29375630617141724,0.4861908257007599,0.4861908257007599
0.21,0.01,0.291623592376709,0.3121652901172638,0.3121652901172638
0.21,0.02,0.291623592376709,0.32712268829345703,0.32712268829345703
0.21,0.03,0.291623592376709,0.3401259481906891,0.3401259481906891
0.21,0.04,0.291623592376709,0.3515838384628296,0.3515838384628296
0.21,0.05,0.291623592376709,0.35885384678840637,0.35885384678840637
0.21,0.06,0.291623592376709,0.3687959909439087,0.3687959909439087
0.21,0.07,0.291623592376709,0.37521296739578247,0.37521296739578247
0.21,0.08,0.291623592376709,0.3830002248287201,0.3830002248287201
0.21,0.09,0.291623592376709,0.39082932472229004,0.39082932472229004
0.21,0.1,0.291623592376709,0.3987773358821869,0.3987773358821869
0.21,0.11,0.291623592376709,0.4047017991542816,0.4047017991542816
0.21,0.12,0.291623592376709,0.41200897097587585,0.41200897097587585
0.21,0.13,0.291623592376709,0.417283296585083,0.417283296585083
0.21,0.14,0.291623592376709,0.42354804277420044,0.42354804277420044
0.21,0.15,0.291623592376709,0.4286336898803711,0.4286336898803711
0.21,0.16,0.291623592376709,0.43381446599960327,0.43381446599960327
0.21,0.17,0.291623592376709,0.43911486864089966,0.43911486864089966
0.21,0.18,0.291623592376709,0.44459840655326843,0.44459840655326843
0.21,0.19,0.291623592376709,0.4492764174938202,0.4492764174938202
0.21,0.2,0.291623592376709,0.45281803607940674,0.45281803607940674
0.21,0.21,0.291623592376709,0.45662403106689453,0.45662403106689453
0.21,0.22,0.291623592376709,0.46143150329589844,0.46143150329589844
0.21,0.23,0.291623592376709,0.4650297164916992,0.4650297164916992
0.21,0.24,0.291623592376709,0.46998530626296997,0.46998530626296997
0.21,0.25,0.291623592376709,0.473291277885437,0.473291277885437
0.21,0.26,0.291623592376709,0.47672128677368164,0.47672128677368164
0.21,0.27,0.291623592376709,0.48006686568260193,0.48006686568260193
0.21,0.28,0.291623592376709,0.48308706283569336,0.48308706283569336
0.21,0.29,0.291623592376709,0.4861908257007599,0.4861908257007599
0.22,0.01,0.2901535928249359,0.3121652901172638,0.3121652901172638
0.22,0.02,0.2901535928249359,0.32712268829345703,0.32712268829345703
0.22,0.03,0.2901535928249359,0.3401259481906891,0.3401259481906891
0.22,0.04,0.2901535928249359,0.3515838384628296,0.3515838384628296
0.22,0.05,0.2901535928249359,0.35885384678840637,0.35885384678840637
0.22,0.06,0.2901535928249359,0.3687959909439087,0.3687959909439087
0.22,0.07,0.2901535928249359,0.37521296739578247,0.37521296739578247
0.22,0.08,0.2901535928249359,0.3830002248287201,0.3830002248287201
0.22,0.09,0.2901535928249359,0.39082932472229004,0.39082932472229004
0.22,0.1,0.2901535928249359,0.3987773358821869,0.3987773358821869
0.22,0.11,0.2901535928249359,0.4047017991542816,0.4047017991542816
0.22,0.12,0.2901535928249359,0.41200897097587585,0.41200897097587585
0.22,0.13,0.2901535928249359,0.417283296585083,0.417283296585083
0.22,0.14,0.2901535928249359,0.42354804277420044,0.42354804277420044
0.22,0.15,0.2901535928249359,0.4286336898803711,0.4286336898803711
0.22,0.16,0.2901535928249359,0.43381446599960327,0.43381446599960327
0.22,0.17,0.2901535928249359,0.43911486864089966,0.43911486864089966
0.22,0.18,0.2901535928249359,0.44459840655326843,0.44459840655326843
0.22,0.19,0.2901535928249359,0.4492764174938202,0.4492764174938202
0.22,0.2,0.2901535928249359,0.45281803607940674,0.45281803607940674
0.22,0.21,0.2901535928249359,0.45662403106689453,0.45662403106689453
0.22,0.22,0.2901535928249359,0.46143150329589844,0.46143150329589844
0.22,0.23,0.2901535928249359,0.4650297164916992,0.4650297164916992
0.22,0.24,0.2901535928249359,0.46998530626296997,0.46998530626296997
0.22,0.25,0.2901535928249359,0.473291277885437,0.473291277885437
0.22,0.26,0.2901535928249359,0.47672128677368164,0.47672128677368164
0.22,0.27,0.2901535928249359,0.48006686568260193,0.48006686568260193
0.22,0.28,0.2901535928249359,0.48308706283569336,0.48308706283569336
0.22,0.29,0.2901535928249359,0.4861908257007599,0.4861908257007599
0.23,0.01,0.2880246639251709,0.3121652901172638,0.3121652901172638
0.23,0.02,0.2880246639251709,0.32712268829345703,0.32712268829345703
0.23,0.03,0.2880246639251709,0.3401259481906891,0.3401259481906891
0.23,0.04,0.2880246639251709,0.3515838384628296,0.3515838384628296
0.23,0.05,0.2880246639251709,0.35885384678840637,0.35885384678840637
0.23,0.06,0.2880246639251709,0.3687959909439087,0.3687959909439087
0.23,0.07,0.2880246639251709,0.37521296739578247,0.37521296739578247
0.23,0.08,0.2880246639251709,0.3830002248287201,0.3830002248287201
0.23,0.09,0.2880246639251709,0.39082932472229004,0.39082932472229004
0.23,0.1,0.2880246639251709,0.3987773358821869,0.3987773358821869
0.23,0.11,0.2880246639251709,0.4047017991542816,0.4047017991542816
0.23,0.12,0.2880246639251709,0.41200897097587585,0.41200897097587585
0.23,0.13,0.2880246639251709,0.417283296585083,0.417283296585083
0.23,0.14,0.2880246639251709,0.42354804277420044,0.42354804277420044
0.23,0.15,0.2880246639251709,0.4286336898803711,0.4286336898803711
0.23,0.16,0.2880246639251709,0.43381446599960327,0.43381446599960327
0.23,0.17,0.2880246639251709,0.43911486864089966,0.43911486864089966
0.23,0.18,0.2880246639251709,0.44459840655326843,0.44459840655326843
0.23,0.19,0.2880246639251709,0.4492764174938202,0.4492764174938202
0.23,0.2,0.2880246639251709,0.45281803607940674,0.45281803607940674
0.23,0.21,0.2880246639251709,0.45662403106689453,0.45662403106689453
0.23,0.22,0.2880246639251709,0.46143150329589844,0.46143150329589844
0.23,0.23,0.2880246639251709,0.4650297164916992,0.4650297164916992
0.23,0.24,0.2880246639251709,0.46998530626296997,0.46998530626296997
0.23,0.25,0.2880246639251709,0.473291277885437,0.473291277885437
0.23,0.26,0.2880246639251709,0.47672128677368164,0.47672128677368164
0.23,0.27,0.2880246639251709,0.48006686568260193,0.48006686568260193
0.23,0.28,0.2880246639251709,0.48308706283569336,0.48308706283569336
0.23,0.29,0.2880246639251709,0.4861908257007599,0.4861908257007599
0.24,0.01,0.28639766573905945,0.3121652901172638,0.3121652901172638
0.24,0.02,0.28639766573905945,0.32712268829345703,0.32712268829345703
0.24,0.03,0.28639766573905945,0.3401259481906891,0.3401259481906891
0.24,0.04,0.28639766573905945,0.3515838384628296,0.3515838384628296
0.24,0.05,0.28639766573905945,0.35885384678840637,0.35885384678840637
0.24,0.06,0.28639766573905945,0.3687959909439087,0.3687959909439087
0.24,0.07,0.28639766573905945,0.37521296739578247,0.37521296739578247
0.24,0.08,0.28639766573905945,0.3830002248287201,0.3830002248287201
0.24,0.09,0.28639766573905945,0.39082932472229004,0.39082932472229004
0.24,0.1,0.28639766573905945,0.3987773358821869,0.3987773358821869
0.24,0.11,0.28639766573905945,0.4047017991542816,0.4047017991542816
0.24,0.12,0.28639766573905945,0.41200897097587585,0.41200897097587585
0.24,0.13,0.28639766573905945,0.417283296585083,0.417283296585083
0.24,0.14,0.28639766573905945,0.42354804277420044,0.42354804277420044
0.24,0.15,0.28639766573905945,0.4286336898803711,0.4286336898803711
0.24,0.16,0.28639766573905945,0.43381446599960327,0.43381446599960327
0.24,0.17,0.28639766573905945,0.43911486864089966,0.43911486864089966
0.24,0.18,0.28639766573905945,0.44459840655326843,0.44459840655326843
0.24,0.19,0.28639766573905945,0.4492764174938202,0.4492764174938202
0.24,0.2,0.28639766573905945,0.45281803607940674,0.45281803607940674
0.24,0.21,0.28639766573905945,0.45662403106689453,0.45662403106689453
0.24,0.22,0.28639766573905945,0.46143150329589844,0.46143150329589844
0.24,0.23,0.28639766573905945,0.4650297164916992,0.4650297164916992
0.24,0.24,0.28639766573905945,0.46998530626296997,0.46998530626296997
0.24,0.25,0.28639766573905945,0.473291277885437,0.473291277885437
0.24,0.26,0.28639766573905945,0.47672128677368164,0.47672128677368164
0.24,0.27,0.28639766573905945,0.48006686568260193,0.48006686568260193
0.24,0.28,0.28639766573905945,0.48308706283569336,0.48308706283569336
0.24,0.29,0.28639766573905945,0.4861908257007599,0.4861908257007599
0.25,0.01,0.28533944487571716,0.3121652901172638,0.3121652901172638
0.25,0.02,0.28533944487571716,0.32712268829345703,0.32712268829345703
0.25,0.03,0.28533944487571716,0.3401259481906891,0.3401259481906891
0.25,0.04,0.28533944487571716,0.3515838384628296,0.3515838384628296
0.25,0.05,0.28533944487571716,0.35885384678840637,0.35885384678840637
0.25,0.06,0.28533944487571716,0.3687959909439087,0.3687959909439087
0.25,0.07,0.28533944487571716,0.37521296739578247,0.37521296739578247
0.25,0.08,0.28533944487571716,0.3830002248287201,0.3830002248287201
0.25,0.09,0.28533944487571716,0.39082932472229004,0.39082932472229004
0.25,0.1,0.28533944487571716,0.3987773358821869,0.3987773358821869
0.25,0.11,0.28533944487571716,0.4047017991542816,0.4047017991542816
0.25,0.12,0.28533944487571716,0.41200897097587585,0.41200897097587585
0.25,0.13,0.28533944487571716,0.417283296585083,0.417283296585083
0.25,0.14,0.28533944487571716,0.42354804277420044,0.42354804277420044
0.25,0.15,0.28533944487571716,0.4286336898803711,0.4286336898803711
0.25,0.16,0.28533944487571716,0.43381446599960327,0.43381446599960327
0.25,0.17,0.28533944487571716,0.43911486864089966,0.43911486864089966
0.25,0.18,0.28533944487571716,0.44459840655326843,0.44459840655326843
0.25,0.19,0.28533944487571716,0.4492764174938202,0.4492764174938202
0.25,0.2,0.28533944487571716,0.45281803607940674,0.45281803607940674
0.25,0.21,0.28533944487571716,0.45662403106689453,0.45662403106689453
0.25,0.22,0.28533944487571716,0.46143150329589844,0.46143150329589844
0.25,0.23,0.28533944487571716,0.4650297164916992,0.4650297164916992
0.25,0.24,0.28533944487571716,0.46998530626296997,0.46998530626296997
0.25,0.25,0.28533944487571716,0.473291277885437,0.473291277885437
0.25,0.26,0.28533944487571716,0.47672128677368164,0.47672128677368164
0.25,0.27,0.28533944487571716,0.48006686568260193,0.48006686568260193
0.25,0.28,0.28533944487571716,0.48308706283569336,0.48308706283569336
0.25,0.29,0.28533944487571716,0.4861908257007599,0.4861908257007599
0.26,0.01,0.2839221656322479,0.3121652901172638,0.3121652901172638
0.26,0.02,0.2839221656322479,0.32712268829345703,0.32712268829345703
0.26,0.03,0.2839221656322479,0.3401259481906891,0.3401259481906891
0.26,0.04,0.2839221656322479,0.3515838384628296,0.3515838384628296
0.26,0.05,0.2839221656322479,0.35885384678840637,0.35885384678840637
0.26,0.06,0.2839221656322479,0.3687959909439087,0.3687959909439087
0.26,0.07,0.2839221656322479,0.37521296739578247,0.37521296739578247
0.26,0.08,0.2839221656322479,0.3830002248287201,0.3830002248287201
0.26,0.09,0.2839221656322479,0.39082932472229004,0.39082932472229004
0.26,0.1,0.2839221656322479,0.3987773358821869,0.3987773358821869
0.26,0.11,0.2839221656322479,0.4047017991542816,0.4047017991542816
0.26,0.12,0.2839221656322479,0.41200897097587585,0.41200897097587585
0.26,0.13,0.2839221656322479,0.417283296585083,0.417283296585083
0.26,0.14,0.2839221656322479,0.42354804277420044,0.42354804277420044
0.26,0.15,0.2839221656322479,0.4286336898803711,0.4286336898803711
0.26,0.16,0.2839221656322479,0.43381446599960327,0.43381446599960327
0.26,0.17,0.2839221656322479,0.43911486864089966,0.43911486864089966
0.26,0.18,0.2839221656322479,0.44459840655326843,0.44459840655326843
0.26,0.19,0.2839221656322479,0.4492764174938202,0.4492764174938202
0.26,0.2,0.2839221656322479,0.45281803607940674,0.45281803607940674
0.26,0.21,0.2839221656322479,0.45662403106689453,0.45662403106689453
0.26,0.22,0.2839221656322479,0.46143150329589844,0.46143150329589844
0.26,0.23,0.2839221656322479,0.4650297164916992,0.4650297164916992
0.26,0.24,0.2839221656322479,0.46998530626296997,0.46998530626296997
0.26,0.25,0.2839221656322479,0.473291277885437,0.473291277885437
0.26,0.26,0.2839221656322479,0.47672128677368164,0.47672128677368164
0.26,0.27,0.2839221656322479,0.48006686568260193,0.48006686568260193
0.26,0.28,0.2839221656322479,0.48308706283569336,0.48308706283569336
0.26,0.29,0.2839221656322479,0.4861908257007599,0.4861908257007599
0.27,0.01,0.2827063798904419,0.3121652901172638,0.3121652901172638
0.27,0.02,0.2827063798904419,0.32712268829345703,0.32712268829345703
0.27,0.03,0.2827063798904419,0.3401259481906891,0.3401259481906891
0.27,0.04,0.2827063798904419,0.3515838384628296,0.3515838384628296
0.27,0.05,0.2827063798904419,0.35885384678840637,0.35885384678840637
0.27,0.06,0.2827063798904419,0.3687959909439087,0.3687959909439087
0.27,0.07,0.2827063798904419,0.37521296739578247,0.37521296739578247
0.27,0.08,0.2827063798904419,0.3830002248287201,0.3830002248287201
0.27,0.09,0.2827063798904419,0.39082932472229004,0.39082932472229004
0.27,0.1,0.2827063798904419,0.3987773358821869,0.3987773358821869
0.27,0.11,0.2827063798904419,0.4047017991542816,0.4047017991542816
0.27,0.12,0.2827063798904419,0.41200897097587585,0.41200897097587585
0.27,0.13,0.2827063798904419,0.417283296585083,0.417283296585083
0.27,0.14,0.2827063798904419,0.42354804277420044,0.42354804277420044
0.27,0.15,0.2827063798904419,0.4286336898803711,0.4286336898803711
0.27,0.16,0.2827063798904419,0.43381446599960327,0.43381446599960327
0.27,0.17,0.2827063798904419,0.43911486864089966,0.43911486864089966
0.27,0.18,0.2827063798904419,0.44459840655326843,0.44459840655326843
0.27,0.19,0.2827063798904419,0.4492764174938202,0.4492764174938202
0.27,0.2,0.2827063798904419,0.45281803607940674,0.45281803607940674
0.27,0.21,0.2827063798904419,0.45662403106689453,0.45662403106689453
0.27,0.22,0.2827063798904419,0.46143150329589844,0.46143150329589844
0.27,0.23,0.2827063798904419,0.4650297164916992,0.4650297164916992
0.27,0.24,0.2827063798904419,0.46998530626296997,0.46998530626296997
0.27,0.25,0.2827063798904419,0.473291277885437,0.473291277885437
0.27,0.26,0.2827063798904419,0.47672128677368164,0.47672128677368164
0.27,0.27,0.2827063798904419,0.48006686568260193,0.48006686568260193
0.27,0.28,0.2827063798904419,0.48308706283569336,0.48308706283569336
0.27,0.29,0.2827063798904419,0.4861908257007599,0.4861908257007599
0.28,0.01,0.28066784143447876,0.3121652901172638,0.3121652901172638
0.28,0.02,0.28066784143447876,0.32712268829345703,0.32712268829345703
0.28,0.03,0.28066784143447876,0.3401259481906891,0.3401259481906891
0.28,0.04,0.28066784143447876,0.3515838384628296,0.3515838384628296
0.28,0.05,0.28066784143447876,0.35885384678840637,0.35885384678840637
0.28,0.06,0.28066784143447876,0.3687959909439087,0.3687959909439087
0.28,0.07,0.28066784143447876,0.37521296739578247,0.37521296739578247
0.28,0.08,0.28066784143447876,0.3830002248287201,0.3830002248287201
0.28,0.09,0.28066784143447876,0.39082932472229004,0.39082932472229004
0.28,0.1,0.28066784143447876,0.3987773358821869,0.3987773358821869
0.28,0.11,0.28066784143447876,0.4047017991542816,0.4047017991542816
0.28,0.12,0.28066784143447876,0.41200897097587585,0.41200897097587585
0.28,0.13,0.28066784143447876,0.417283296585083,0.417283296585083
0.28,0.14,0.28066784143447876,0.42354804277420044,0.42354804277420044
0.28,0.15,0.28066784143447876,0.4286336898803711,0.4286336898803711
0.28,0.16,0.28066784143447876,0.43381446599960327,0.43381446599960327
0.28,0.17,0.28066784143447876,0.43911486864089966,0.43911486864089966
0.28,0.18,0.28066784143447876,0.44459840655326843,0.44459840655326843
0.28,0.19,0.28066784143447876,0.4492764174938202,0.4492764174938202
0.28,0.2,0.28066784143447876,0.45281803607940674,0.45281803607940674
0.28,0.21,0.28066784143447876,0.45662403106689453,0.45662403106689453
0.28,0.22,0.28066784143447876,0.46143150329589844,0.46143150329589844
0.28,0.23,0.28066784143447876,0.4650297164916992,0.4650297164916992
0.28,0.24,0.28066784143447876,0.46998530626296997,0.46998530626296997
0.28,0.25,0.28066784143447876,0.473291277885437,0.473291277885437
0.28,0.26,0.28066784143447876,0.47672128677368164,0.47672128677368164
0.28,0.27,0.28066784143447876,0.48006686568260193,0.48006686568260193
0.28,0.28,0.28066784143447876,0.48308706283569336,0.48308706283569336
0.28,0.29,0.28066784143447876,0.4861908257007599,0.4861908257007599
0.29,0.01,0.2782413363456726,0.3121652901172638,0.3121652901172638
0.29,0.02,0.2782413363456726,0.32712268829345703,0.32712268829345703
0.29,0.03,0.2782413363456726,0.3401259481906891,0.3401259481906891
0.29,0.04,0.2782413363456726,0.3515838384628296,0.3515838384628296
0.29,0.05,0.2782413363456726,0.35885384678840637,0.35885384678840637
0.29,0.06,0.2782413363456726,0.3687959909439087,0.3687959909439087
0.29,0.07,0.2782413363456726,0.37521296739578247,0.37521296739578247
0.29,0.08,0.2782413363456726,0.3830002248287201,0.3830002248287201
0.29,0.09,0.2782413363456726,0.39082932472229004,0.39082932472229004
0.29,0.1,0.2782413363456726,0.3987773358821869,0.3987773358821869
0.29,0.11,0.2782413363456726,0.4047017991542816,0.4047017991542816
0.29,0.12,0.2782413363456726,0.41200897097587585,0.41200897097587585
0.29,0.13,0.2782413363456726,0.417283296585083,0.417283296585083
0.29,0.14,0.2782413363456726,0.42354804277420044,0.42354804277420044
0.29,0.15,0.2782413363456726,0.4286336898803711,0.4286336898803711
0.29,0.16,0.2782413363456726,0.43381446599960327,0.43381446599960327
0.29,0.17,0.2782413363456726,0.43911486864089966,0.43911486864089966
0.29,0.18,0.2782413363456726,0.44459840655326843,0.44459840655326843
0.29,0.19,0.2782413363456726,0.4492764174938202,0.4492764174938202
0.29,0.2,0.2782413363456726,0.45281803607940674,0.45281803607940674
0.29,0.21,0.2782413363456726,0.45662403106689453,0.45662403106689453
0.29,0.22,0.2782413363456726,0.46143150329589844,0.46143150329589844
0.29,0.23,0.2782413363456726,0.4650297164916992,0.4650297164916992
0.29,0.24,0.2782413363456726,0.46998530626296997,0.46998530626296997
0.29,0.25,0.2782413363456726,0.473291277885437,0.473291277885437
0.29,0.26,0.2782413363456726,0.47672128677368164,0.47672128677368164
0.29,0.27,0.2782413363456726,0.48006686568260193,0.48006686568260193
0.29,0.28,0.2782413363456726,0.48308706283569336,0.48308706283569336
0.29,0.29,0.2782413363456726,0.4861908257007599,0.4861908257007599
